ACC_X,ACC_Y,ACC_Z,GYR_X,GYR_Y,GYR_Z,Angle_ROL,Angle_PIT,Angle_YAW
-579,-4202,7214,0,0,0,11.1800003051758,-39.04000092,-8.380000114
-579,-4202,7214,0,0,0,11.1800003051758,-39.04000092,-8.380000114
-406,-4145,7474,0,0,0,11.1800003051758,-39.04000092,-8.380000114
-406,-4145,7474,0,0,0,11.1800003051758,-39.04000092,-8.380000114
-406,-4145,7474,0,0,0,11.1800003051758,-39.04000092,-8.380000114
-406,-4145,7474,0,0,0,11.1800003051758,-39.04000092,-8.380000114
-406,-4145,7474,0,0,0,11.1800003051758,-39.04000092,-8.380000114
-406,-4145,7474,0,0,0,11.1800003051758,-39.04000092,-8.380000114
-406,-4145,7474,0,0,0,11.1800003051758,-39.04000092,-8.380000114
-406,-4145,7474,0,0,0,11.1800003051758,-39.04000092,-8.380000114
-504,-4604,7580,0,0,0,11.1800003051758,-39.04000092,-8.380000114
-504,-4604,7580,0,0,0,11.1800003051758,-39.04000092,-8.380000114
-504,-4604,7580,0,0,0,11.1800003051758,-39.04000092,-8.380000114
-504,-4604,7580,0,0,0,11.1800003051758,-39.04000092,-8.380000114
-504,-4604,7580,0,0,0,11.1800003051758,-39.04000092,-8.380000114
-504,-4604,7580,0,0,0,11.1800003051758,-39.04000092,-8.380000114
-504,-4604,7580,0,0,0,11.1800003051758,-39.04000092,-8.380000114
-928,-4926,7170,0,0,0,11.1800003051758,-39.04000092,-8.380000114
-928,-4926,7170,0,0,0,11.1800003051758,-39.04000092,-8.380000114
-928,-4926,7170,0,0,0,11.1800003051758,-39.04000092,-8.380000114
-928,-4926,7170,0,0,0,11.1800003051758,-39.04000092,-8.380000114
-928,-4926,7170,0,0,0,11.1800003051758,-39.04000092,-8.380000114
-928,-4926,7170,0,0,0,11.1800003051758,-39.04000092,-8.380000114
-928,-4926,7170,0,0,0,11.1800003051758,-39.04000092,-8.380000114
-928,-4926,7170,0,0,0,11.1800003051758,-39.04000092,-8.380000114
-743,-4581,7779,0,0,0,11.1800003051758,-39.04000092,-8.380000114
-743,-4581,7779,0,0,0,11.1800003051758,-39.04000092,-8.380000114
-743,-4581,7779,0,0,0,11.1800003051758,-39.04000092,-8.380000114
-743,-4581,7779,0,0,0,11.1800003051758,-39.04000092,-8.380000114
-743,-4581,7779,0,0,0,11.1800003051758,-39.04000092,-8.380000114
-743,-4581,7779,0,0,0,11.1800003051758,-39.04000092,-8.380000114
-743,-4581,7779,0,0,0,11.1800003051758,-39.04000092,-8.380000114
-743,-4581,7779,0,0,0,11.1800003051758,-39.04000092,-8.380000114
-707,-4338,8359,0,0,0,11.1800003051758,-39.04000092,-8.380000114
-707,-4338,8359,0,0,0,11.1800003051758,-39.04000092,-8.380000114
-707,-4338,8359,0,0,0,11.1800003051758,-39.04000092,-8.380000114
-707,-4338,8359,0,0,0,11.1800003051758,-39.04000092,-8.380000114
-707,-4338,8359,0,0,0,11.1800003051758,-39.04000092,-8.380000114
-707,-4338,8359,0,0,0,11.1800003051758,-39.04000092,-8.380000114
-707,-4338,8359,0,0,0,11.1800003051758,-39.04000092,-8.380000114
-802,-4285,7785,0,0,0,11.1800003051758,-39.04000092,-8.380000114
-802,-4285,7785,0,0,0,11.1800003051758,-39.04000092,-8.380000114
-802,-4285,7785,0,0,0,11.1800003051758,-39.04000092,-8.380000114
-802,-4285,7785,0,0,0,11.1800003051758,-39.04000092,-8.380000114
-802,-4285,7785,0,0,0,11.1800003051758,-39.04000092,-8.380000114
-802,-4285,7785,0,0,0,11.1800003051758,-39.04000092,-8.380000114
-802,-4285,7785,0,0,0,11.1800003051758,-39.04000092,-8.380000114
-802,-4285,7785,0,0,0,11.1800003051758,-39.04000092,-8.380000114
-988,-4424,7396,0,0,0,11.1800003051758,-39.04000092,-8.380000114
-988,-4424,7396,0,0,0,11.1800003051758,-39.04000092,-8.380000114
-988,-4424,7396,0,0,0,11.1800003051758,-39.04000092,-8.380000114
-988,-4424,7396,0,0,0,11.1800003051758,-39.04000092,-8.380000114
-988,-4424,7396,0,0,0,11.1800003051758,-39.04000092,-8.380000114
-988,-4424,7396,0,0,0,11.1800003051758,-39.04000092,-8.380000114
-988,-4424,7396,0,0,0,11.1800003051758,-39.04000092,-8.380000114
-988,-4424,7396,0,0,0,11.1800003051758,-39.04000092,-8.380000114
-941,-3797,7956,0,0,0,11.1800003051758,-39.04000092,-8.380000114
-941,-3797,7956,0,0,0,11.1800003051758,-39.04000092,-8.380000114
-941,-3797,7956,0,0,0,11.1800003051758,-39.04000092,-8.380000114
-1110,-3057,8159,0,0,0,11.1800003051758,-39.04000092,-8.380000114
-1110,-3057,8159,0,0,0,11.1800003051758,-39.04000092,-8.380000114
-1110,-3057,8159,0,0,0,11.1800003051758,-39.04000092,-8.380000114
-1110,-3057,8159,0,0,0,8.89999961853027,-36.68000031,-9.949999809
-1110,-3057,8159,0,0,0,8.89999961853027,-36.68000031,-9.949999809
-1228,-2725,8161,0,0,0,8.89999961853027,-36.68000031,-9.949999809
-1228,-2725,8161,0,0,0,8.89999961853027,-36.68000031,-9.949999809
-1228,-2725,8161,0,0,0,8.89999961853027,-36.68000031,-9.949999809
-1228,-2725,8161,0,0,0,8.89999961853027,-36.68000031,-9.949999809
-1228,-2725,8161,0,0,0,8.89999961853027,-36.68000031,-9.949999809
-1447,-3468,7815,0,0,0,8.89999961853027,-36.68000031,-9.949999809
-1447,-3468,7815,0,0,0,8.89999961853027,-36.68000031,-9.949999809
-1447,-3468,7815,0,0,0,8.89999961853027,-36.68000031,-9.949999809
-1447,-3468,7815,0,0,0,8.89999961853027,-36.68000031,-9.949999809
-1447,-3468,7815,0,0,0,8.89999961853027,-36.68000031,-9.949999809
-1447,-3468,7815,0,0,0,8.89999961853027,-36.68000031,-9.949999809
-1447,-3468,7815,0,0,0,8.89999961853027,-36.68000031,-9.949999809
-1447,-3468,7815,0,0,0,8.89999961853027,-36.68000031,-9.949999809
-1246,-3264,8185,0,0,0,8.89999961853027,-36.68000031,-9.949999809
-1246,-3264,8185,0,0,0,8.89999961853027,-36.68000031,-9.949999809
-1246,-3264,8185,0,0,0,8.89999961853027,-36.68000031,-9.949999809
-1246,-3264,8185,0,0,0,8.89999961853027,-36.68000031,-9.949999809
-1246,-3264,8185,0,0,0,8.89999961853027,-36.68000031,-9.949999809
-1246,-3264,8185,0,0,0,8.89999961853027,-36.68000031,-9.949999809
-1246,-3264,8185,0,0,0,8.89999961853027,-36.68000031,-9.949999809
-1135,-3120,8310,0,0,0,8.89999961853027,-36.68000031,-9.949999809
-1135,-3120,8310,0,0,0,8.89999961853027,-36.68000031,-9.949999809
-1135,-3120,8310,0,0,0,8.89999961853027,-36.68000031,-9.949999809
-1135,-3120,8310,0,0,0,8.89999961853027,-36.68000031,-9.949999809
-1135,-3120,8310,0,0,0,8.89999961853027,-36.68000031,-9.949999809
-1135,-3120,8310,0,0,0,8.89999961853027,-36.68000031,-9.949999809
-1135,-3120,8310,0,0,0,8.89999961853027,-36.68000031,-9.949999809
-1135,-3120,8310,0,0,0,8.89999961853027,-36.68000031,-9.949999809
-1334,-3652,8199,0,0,0,8.89999961853027,-36.68000031,-9.949999809
-1334,-3652,8199,0,0,0,8.89999961853027,-36.68000031,-9.949999809
-1334,-3652,8199,0,0,0,8.89999961853027,-36.68000031,-9.949999809
-1334,-3652,8199,0,0,0,8.89999961853027,-36.68000031,-9.949999809
-1334,-3652,8199,0,0,0,8.89999961853027,-36.68000031,-9.949999809
-1334,-3652,8199,0,0,0,8.89999961853027,-36.68000031,-9.949999809
-1334,-3652,8199,0,0,0,8.89999961853027,-36.68000031,-9.949999809
-1334,-3652,8199,0,0,0,8.89999961853027,-36.68000031,-9.949999809
-1514,-3880,7753,0,0,0,8.89999961853027,-36.68000031,-9.949999809
-1514,-3880,7753,0,0,0,8.89999961853027,-36.68000031,-9.949999809
-1514,-3880,7753,0,0,0,8.89999961853027,-36.68000031,-9.949999809
-1514,-3880,7753,0,0,0,8.89999961853027,-36.68000031,-9.949999809
-1514,-3880,7753,0,0,0,8.89999961853027,-36.68000031,-9.949999809
-1514,-3880,7753,0,0,0,8.89999961853027,-36.68000031,-9.949999809
-1514,-3880,7753,0,0,0,8.89999961853027,-36.68000031,-9.949999809
-999,-3601,8013,0,0,0,8.89999961853027,-36.68000031,-9.949999809
-999,-3601,8013,0,0,0,8.89999961853027,-36.68000031,-9.949999809
-999,-3601,8013,0,0,0,8.89999961853027,-36.68000031,-9.949999809
-999,-3601,8013,0,0,0,8.89999961853027,-36.68000031,-9.949999809
-999,-3601,8013,0,0,0,8.89999961853027,-36.68000031,-9.949999809
-999,-3601,8013,0,0,0,8.89999961853027,-36.68000031,-9.949999809
-999,-3601,8013,0,0,0,8.89999961853027,-36.68000031,-9.949999809
-999,-3601,8013,0,0,0,8.89999961853027,-36.68000031,-9.949999809
-925,-3343,8104,0,0,0,8.89999961853027,-36.68000031,-9.949999809
-925,-3343,8104,0,0,0,8.89999961853027,-36.68000031,-9.949999809
-925,-3343,8104,0,0,0,8.89999961853027,-36.68000031,-9.949999809
-925,-3343,8104,0,0,0,8.89999961853027,-36.68000031,-9.949999809
-925,-3343,8104,0,0,0,8.89999961853027,-36.68000031,-9.949999809
-925,-3343,8104,0,0,0,8.89999961853027,-36.68000031,-9.949999809
-925,-3343,8104,0,0,0,8.89999961853027,-36.68000031,-9.949999809
-939,-4055,7807,0,0,0,8.89999961853027,-36.68000031,-9.949999809
-939,-4055,7807,0,0,0,8.89999961853027,-36.68000031,-9.949999809
-939,-4055,7807,0,0,0,8.89999961853027,-36.68000031,-9.949999809
-939,-4055,7807,0,0,0,8.89999961853027,-36.68000031,-9.949999809
-939,-4055,7807,0,0,0,8.89999961853027,-36.68000031,-9.949999809
-939,-4055,7807,0,0,0,8.89999961853027,-36.68000031,-9.949999809
-939,-4055,7807,0,0,0,8.89999961853027,-36.68000031,-9.949999809
-939,-4055,7807,0,0,0,8.89999961853027,-36.68000031,-9.949999809
-1271,-4579,7221,0,0,0,8.89999961853027,-36.68000031,-9.949999809
-1271,-4579,7221,0,0,0,8.89999961853027,-36.68000031,-9.949999809
-1271,-4579,7221,0,0,0,8.89999961853027,-36.68000031,-9.949999809
-1271,-4579,7221,0,0,0,8.89999961853027,-36.68000031,-9.949999809
-1271,-4579,7221,0,0,0,8.89999961853027,-36.68000031,-9.949999809
-1271,-4579,7221,0,0,0,8.89999961853027,-36.68000031,-9.949999809
-1271,-4579,7221,0,0,0,8.89999961853027,-36.68000031,-9.949999809
-1271,-4579,7221,0,0,0,8.89999961853027,-36.68000031,-9.949999809
-884,-3693,7492,0,0,0,8.89999961853027,-36.68000031,-9.949999809
-884,-3693,7492,0,0,0,8.89999961853027,-36.68000031,-9.949999809
-884,-3693,7492,0,0,0,8.89999961853027,-36.68000031,-9.949999809
-884,-3693,7492,0,0,0,8.89999961853027,-36.68000031,-9.949999809
-884,-3693,7492,0,0,0,8.89999961853027,-36.68000031,-9.949999809
-884,-3693,7492,0,0,0,8.89999961853027,-36.68000031,-9.949999809
-884,-3693,7492,0,0,0,8.89999961853027,-36.68000031,-9.949999809
-884,-3693,7492,0,0,0,7.55000019073486,-33.16999817,-11.92000008
-884,-3693,7492,0,0,0,7.55000019073486,-33.16999817,-11.92000008
-545,-3497,7645,0,0,0,7.55000019073486,-33.16999817,-11.92000008
-545,-3497,7645,0,0,0,7.55000019073486,-33.16999817,-11.92000008
-545,-3497,7645,0,0,0,7.55000019073486,-33.16999817,-11.92000008
-545,-3497,7645,0,0,0,7.55000019073486,-33.16999817,-11.92000008
-545,-3497,7645,0,0,0,7.55000019073486,-33.16999817,-11.92000008
-545,-3497,7645,0,0,0,7.55000019073486,-33.16999817,-11.92000008
-604,-3567,7520,0,0,0,7.55000019073486,-33.16999817,-11.92000008
-604,-3567,7520,0,0,0,7.55000019073486,-33.16999817,-11.92000008
-604,-3567,7520,0,0,0,7.55000019073486,-33.16999817,-11.92000008
-604,-3567,7520,0,0,0,7.55000019073486,-33.16999817,-11.92000008
-604,-3567,7520,0,0,0,7.55000019073486,-33.16999817,-11.92000008
-604,-3567,7520,0,0,0,7.55000019073486,-33.16999817,-11.92000008
-604,-3567,7520,0,0,0,7.55000019073486,-33.16999817,-11.92000008
-839,-4086,7184,0,0,0,7.55000019073486,-33.16999817,-11.92000008
-839,-4086,7184,0,0,0,7.55000019073486,-33.16999817,-11.92000008
-839,-4086,7184,0,0,0,7.55000019073486,-33.16999817,-11.92000008
-839,-4086,7184,0,0,0,7.55000019073486,-33.16999817,-11.92000008
-839,-4086,7184,0,0,0,7.55000019073486,-33.16999817,-11.92000008
-839,-4086,7184,0,0,0,7.55000019073486,-33.16999817,-11.92000008
-839,-4086,7184,0,0,0,7.55000019073486,-33.16999817,-11.92000008
-839,-4086,7184,0,0,0,7.55000019073486,-33.16999817,-11.92000008
-596,-3969,7771,0,0,0,7.55000019073486,-33.16999817,-11.92000008
-596,-3969,7771,0,0,0,7.55000019073486,-33.16999817,-11.92000008
-596,-3969,7771,0,0,0,7.55000019073486,-33.16999817,-11.92000008
-596,-3969,7771,0,0,0,7.55000019073486,-33.16999817,-11.92000008
-596,-3969,7771,0,0,0,7.55000019073486,-33.16999817,-11.92000008
-596,-3969,7771,0,0,0,7.55000019073486,-33.16999817,-11.92000008
-596,-3969,7771,0,0,0,7.55000019073486,-33.16999817,-11.92000008
-596,-3969,7771,0,0,0,7.55000019073486,-33.16999817,-11.92000008
-731,-4190,8441,0,0,0,7.55000019073486,-33.16999817,-11.92000008
-731,-4190,8441,0,0,0,7.55000019073486,-33.16999817,-11.92000008
-731,-4190,8441,0,0,0,7.55000019073486,-33.16999817,-11.92000008
-731,-4190,8441,0,0,0,7.55000019073486,-33.16999817,-11.92000008
-731,-4190,8441,0,0,0,7.55000019073486,-33.16999817,-11.92000008
-731,-4190,8441,0,0,0,7.55000019073486,-33.16999817,-11.92000008
-731,-4190,8441,0,0,0,7.55000019073486,-33.16999817,-11.92000008
-731,-4190,8441,0,0,0,7.55000019073486,-33.16999817,-11.92000008
-724,-4092,8020,0,0,0,7.55000019073486,-33.16999817,-11.92000008
-724,-4092,8020,0,0,0,7.55000019073486,-33.16999817,-11.92000008
-724,-4092,8020,0,0,0,7.55000019073486,-33.16999817,-11.92000008
-724,-4092,8020,0,0,0,7.55000019073486,-33.16999817,-11.92000008
-724,-4092,8020,0,0,0,7.55000019073486,-33.16999817,-11.92000008
-724,-4092,8020,0,0,0,7.55000019073486,-33.16999817,-11.92000008
-724,-4092,8020,0,0,0,7.55000019073486,-33.16999817,-11.92000008
-918,-4858,7502,0,0,0,7.55000019073486,-33.16999817,-11.92000008
-918,-4858,7502,0,0,0,7.55000019073486,-33.16999817,-11.92000008
-918,-4858,7502,0,0,0,7.55000019073486,-33.16999817,-11.92000008
-918,-4858,7502,0,0,0,7.55000019073486,-33.16999817,-11.92000008
-918,-4858,7502,0,0,0,7.55000019073486,-33.16999817,-11.92000008
-918,-4858,7502,0,0,0,7.55000019073486,-33.16999817,-11.92000008
-918,-4858,7502,0,0,0,7.55000019073486,-33.16999817,-11.92000008
-918,-4382,8099,0,0,0,7.55000019073486,-33.16999817,-11.92000008
-918,-4382,8099,0,0,0,7.55000019073486,-33.16999817,-11.92000008
-918,-4382,8099,0,0,0,7.55000019073486,-33.16999817,-11.92000008
-918,-4382,8099,0,0,0,7.55000019073486,-33.16999817,-11.92000008
-918,-4382,8099,0,0,0,7.55000019073486,-33.16999817,-11.92000008
-918,-4382,8099,0,0,0,7.55000019073486,-33.16999817,-11.92000008
-918,-4382,8099,0,0,0,7.55000019073486,-33.16999817,-11.92000008
-918,-4382,8099,0,0,0,7.55000019073486,-33.16999817,-11.92000008
-928,-4347,8098,0,0,0,7.55000019073486,-33.16999817,-11.92000008
-928,-4347,8098,0,0,0,7.55000019073486,-33.16999817,-11.92000008
-928,-4347,8098,0,0,0,7.55000019073486,-33.16999817,-11.92000008
-928,-4347,8098,0,0,0,7.55000019073486,-33.16999817,-11.92000008
-928,-4347,8098,0,0,0,7.55000019073486,-33.16999817,-11.92000008
-928,-4347,8098,0,0,0,7.55000019073486,-33.16999817,-11.92000008
-928,-4347,8098,0,0,0,7.55000019073486,-33.16999817,-11.92000008
-928,-4347,8098,0,0,0,7.55000019073486,-33.16999817,-11.92000008
-1170,-4497,7693,0,0,0,7.55000019073486,-33.16999817,-11.92000008
-1170,-4497,7693,0,0,0,7.55000019073486,-33.16999817,-11.92000008
-1170,-4497,7693,0,0,0,7.55000019073486,-33.16999817,-11.92000008
-1170,-4497,7693,0,0,0,7.55000019073486,-33.16999817,-11.92000008
-1170,-4497,7693,0,0,0,7.55000019073486,-33.16999817,-11.92000008
-1170,-4497,7693,0,0,0,7.55000019073486,-33.16999817,-11.92000008
-1170,-4497,7693,0,0,0,7.55000019073486,-33.16999817,-11.92000008
-1375,-5372,6875,0,0,0,7.55000019073486,-33.16999817,-11.92000008
-1375,-5372,6875,0,0,0,7.55000019073486,-33.16999817,-11.92000008
-1375,-5372,6875,0,0,0,7.55000019073486,-33.16999817,-11.92000008
-1375,-5372,6875,0,0,0,7.55000019073486,-33.16999817,-11.92000008
-1375,-5372,6875,0,0,0,7.55000019073486,-33.16999817,-11.92000008
-1375,-5372,6875,0,0,0,7.55000019073486,-33.16999817,-11.92000008
-1375,-5372,6875,0,0,0,7.55000019073486,-33.16999817,-11.92000008
-1375,-5372,6875,0,0,0,7.55000019073486,-33.16999817,-11.92000008
-1375,-5372,6875,0,0,0,5.6399998664856,-29.73999977,-13.43000031
-1375,-5372,6875,0,0,0,5.6399998664856,-29.73999977,-13.43000031
-1058,-4682,7775,0,0,0,5.6399998664856,-29.73999977,-13.43000031
-1058,-4682,7775,0,0,0,5.6399998664856,-29.73999977,-13.43000031
-1058,-4682,7775,0,0,0,5.6399998664856,-29.73999977,-13.43000031
-1058,-4682,7775,0,0,0,5.6399998664856,-29.73999977,-13.43000031
-1058,-4682,7775,0,0,0,5.6399998664856,-29.73999977,-13.43000031
-1058,-4682,7775,0,0,0,5.6399998664856,-29.73999977,-13.43000031
-969,-4332,7999,0,0,0,5.6399998664856,-29.73999977,-13.43000031
-969,-4332,7999,0,0,0,5.6399998664856,-29.73999977,-13.43000031
-969,-4332,7999,0,0,0,5.6399998664856,-29.73999977,-13.43000031
-969,-4332,7999,0,0,0,5.6399998664856,-29.73999977,-13.43000031
-969,-4332,7999,0,0,0,5.6399998664856,-29.73999977,-13.43000031
-969,-4332,7999,0,0,0,5.6399998664856,-29.73999977,-13.43000031
-969,-4332,7999,0,0,0,5.6399998664856,-29.73999977,-13.43000031
-870,-4088,7420,0,0,0,5.6399998664856,-29.73999977,-13.43000031
-870,-4088,7420,0,0,0,5.6399998664856,-29.73999977,-13.43000031
-870,-4088,7420,0,0,0,5.6399998664856,-29.73999977,-13.43000031
-870,-4088,7420,0,0,0,5.6399998664856,-29.73999977,-13.43000031
-870,-4088,7420,0,0,0,5.6399998664856,-29.73999977,-13.43000031
-870,-4088,7420,0,0,0,5.6399998664856,-29.73999977,-13.43000031
-870,-4088,7420,0,0,0,5.6399998664856,-29.73999977,-13.43000031
-870,-4088,7420,0,0,0,5.6399998664856,-29.73999977,-13.43000031
-1037,-4526,6641,0,0,0,5.6399998664856,-29.73999977,-13.43000031
-1037,-4526,6641,0,0,0,5.6399998664856,-29.73999977,-13.43000031
-1037,-4526,6641,0,0,0,5.6399998664856,-29.73999977,-13.43000031
-1037,-4526,6641,0,0,0,5.6399998664856,-29.73999977,-13.43000031
-1037,-4526,6641,0,0,0,5.6399998664856,-29.73999977,-13.43000031
-1037,-4526,6641,0,0,0,5.6399998664856,-29.73999977,-13.43000031
-1037,-4526,6641,0,0,0,5.6399998664856,-29.73999977,-13.43000031
-759,-3672,7131,0,0,0,5.6399998664856,-29.73999977,-13.43000031
-759,-3672,7131,0,0,0,5.6399998664856,-29.73999977,-13.43000031
-759,-3672,7131,0,0,0,5.6399998664856,-29.73999977,-13.43000031
-759,-3672,7131,0,0,0,5.6399998664856,-29.73999977,-13.43000031
-759,-3672,7131,0,0,0,5.6399998664856,-29.73999977,-13.43000031
-759,-3672,7131,0,0,0,5.6399998664856,-29.73999977,-13.43000031
-759,-3672,7131,0,0,0,5.6399998664856,-29.73999977,-13.43000031
-759,-3672,7131,0,0,0,5.6399998664856,-29.73999977,-13.43000031
-722,-3810,7555,0,0,0,5.6399998664856,-29.73999977,-13.43000031
-722,-3810,7555,0,0,0,5.6399998664856,-29.73999977,-13.43000031
-722,-3810,7555,0,0,0,5.6399998664856,-29.73999977,-13.43000031
-722,-3810,7555,0,0,0,5.6399998664856,-29.73999977,-13.43000031
-722,-3810,7555,0,0,0,5.6399998664856,-29.73999977,-13.43000031
-722,-3810,7555,0,0,0,5.6399998664856,-29.73999977,-13.43000031
-722,-3810,7555,0,0,0,5.6399998664856,-29.73999977,-13.43000031
-722,-3810,7555,0,0,0,5.6399998664856,-29.73999977,-13.43000031
-756,-3968,7734,0,0,0,5.6399998664856,-29.73999977,-13.43000031
-756,-3968,7734,0,0,0,5.6399998664856,-29.73999977,-13.43000031
-756,-3968,7734,0,0,0,5.6399998664856,-29.73999977,-13.43000031
-756,-3968,7734,0,0,0,5.6399998664856,-29.73999977,-13.43000031
-756,-3968,7734,0,0,0,5.6399998664856,-29.73999977,-13.43000031
-756,-3968,7734,0,0,0,5.6399998664856,-29.73999977,-13.43000031
-756,-3968,7734,0,0,0,5.6399998664856,-29.73999977,-13.43000031
-756,-3968,7734,0,0,0,5.6399998664856,-29.73999977,-13.43000031
-1252,-4261,7513,0,0,0,5.6399998664856,-29.73999977,-13.43000031
-1252,-4261,7513,0,0,0,5.6399998664856,-29.73999977,-13.43000031
-1252,-4261,7513,0,0,0,5.6399998664856,-29.73999977,-13.43000031
-1252,-4261,7513,0,0,0,5.6399998664856,-29.73999977,-13.43000031
-1252,-4261,7513,0,0,0,5.6399998664856,-29.73999977,-13.43000031
-1252,-4261,7513,0,0,0,5.6399998664856,-29.73999977,-13.43000031
-1252,-4261,7513,0,0,0,5.6399998664856,-29.73999977,-13.43000031
-867,-3546,8158,0,0,0,5.6399998664856,-29.73999977,-13.43000031
-867,-3546,8158,0,0,0,5.6399998664856,-29.73999977,-13.43000031
-867,-3546,8158,0,0,0,5.6399998664856,-29.73999977,-13.43000031
-867,-3546,8158,0,0,0,5.6399998664856,-29.73999977,-13.43000031
-867,-3546,8158,0,0,0,5.6399998664856,-29.73999977,-13.43000031
-867,-3546,8158,0,0,0,5.6399998664856,-29.73999977,-13.43000031
-867,-3546,8158,0,0,0,5.6399998664856,-29.73999977,-13.43000031
-867,-3546,8158,0,0,0,5.6399998664856,-29.73999977,-13.43000031
-555,-3581,8066,0,0,0,5.6399998664856,-29.73999977,-13.43000031
-555,-3581,8066,0,0,0,5.6399998664856,-29.73999977,-13.43000031
-555,-3581,8066,0,0,0,5.6399998664856,-29.73999977,-13.43000031
-555,-3581,8066,0,0,0,5.6399998664856,-29.73999977,-13.43000031
-555,-3581,8066,0,0,0,5.6399998664856,-29.73999977,-13.43000031
-555,-3581,8066,0,0,0,5.6399998664856,-29.73999977,-13.43000031
-555,-3581,8066,0,0,0,5.6399998664856,-29.73999977,-13.43000031
-736,-4003,7240,0,0,0,5.6399998664856,-29.73999977,-13.43000031
-736,-4003,7240,0,0,0,5.6399998664856,-29.73999977,-13.43000031
-736,-4003,7240,0,0,0,5.6399998664856,-29.73999977,-13.43000031
-736,-4003,7240,0,0,0,5.6399998664856,-29.73999977,-13.43000031
-736,-4003,7240,0,0,0,5.6399998664856,-29.73999977,-13.43000031
-736,-4003,7240,0,0,0,5.6399998664856,-29.73999977,-13.43000031
-736,-4003,7240,0,0,0,5.6399998664856,-29.73999977,-13.43000031
-736,-4003,7240,0,0,0,5.6399998664856,-29.73999977,-13.43000031
-736,-4003,7240,0,0,0,4.65999984741211,-26.53000069,-15.39999962
-1098,-4730,6741,0,0,0,4.65999984741211,-26.53000069,-15.39999962
-1098,-4730,6741,0,0,0,4.65999984741211,-26.53000069,-15.39999962
-1098,-4730,6741,0,0,0,4.65999984741211,-26.53000069,-15.39999962
-1098,-4730,6741,0,0,0,4.65999984741211,-26.53000069,-15.39999962
-1098,-4730,6741,0,0,0,4.65999984741211,-26.53000069,-15.39999962
-1098,-4730,6741,0,0,0,4.65999984741211,-26.53000069,-15.39999962
-778,-3950,7235,0,0,0,4.65999984741211,-26.53000069,-15.39999962
-778,-3950,7235,0,0,0,4.65999984741211,-26.53000069,-15.39999962
-778,-3950,7235,0,0,0,4.65999984741211,-26.53000069,-15.39999962
-778,-3950,7235,0,0,0,4.65999984741211,-26.53000069,-15.39999962
-778,-3950,7235,0,0,0,4.65999984741211,-26.53000069,-15.39999962
-778,-3950,7235,0,0,0,4.65999984741211,-26.53000069,-15.39999962
-778,-3950,7235,0,0,0,4.65999984741211,-26.53000069,-15.39999962
-778,-3950,7235,0,0,0,4.65999984741211,-26.53000069,-15.39999962
-657,-3535,6983,0,0,0,4.65999984741211,-26.53000069,-15.39999962
-657,-3535,6983,0,0,0,4.65999984741211,-26.53000069,-15.39999962
-657,-3535,6983,0,0,0,4.65999984741211,-26.53000069,-15.39999962
-657,-3535,6983,0,0,0,4.65999984741211,-26.53000069,-15.39999962
-657,-3535,6983,0,0,0,4.65999984741211,-26.53000069,-15.39999962
-657,-3535,6983,0,0,0,4.65999984741211,-26.53000069,-15.39999962
-657,-3535,6983,0,0,0,4.65999984741211,-26.53000069,-15.39999962
-917,-3574,7079,0,0,0,4.65999984741211,-26.53000069,-15.39999962
-917,-3574,7079,0,0,0,4.65999984741211,-26.53000069,-15.39999962
-917,-3574,7079,0,0,0,4.65999984741211,-26.53000069,-15.39999962
-917,-3574,7079,0,0,0,4.65999984741211,-26.53000069,-15.39999962
-917,-3574,7079,0,0,0,4.65999984741211,-26.53000069,-15.39999962
-917,-3574,7079,0,0,0,4.65999984741211,-26.53000069,-15.39999962
-917,-3574,7079,0,0,0,4.65999984741211,-26.53000069,-15.39999962
-917,-3574,7079,0,0,0,4.65999984741211,-26.53000069,-15.39999962
-1328,-4355,6535,0,0,0,4.65999984741211,-26.53000069,-15.39999962
-1328,-4355,6535,0,0,0,4.65999984741211,-26.53000069,-15.39999962
-1328,-4355,6535,0,0,0,4.65999984741211,-26.53000069,-15.39999962
-1328,-4355,6535,0,0,0,4.65999984741211,-26.53000069,-15.39999962
-1328,-4355,6535,0,0,0,4.65999984741211,-26.53000069,-15.39999962
-1328,-4355,6535,0,0,0,4.65999984741211,-26.53000069,-15.39999962
-1328,-4355,6535,0,0,0,4.65999984741211,-26.53000069,-15.39999962
-1138,-4207,7115,0,0,0,4.65999984741211,-26.53000069,-15.39999962
-1138,-4207,7115,0,0,0,4.65999984741211,-26.53000069,-15.39999962
-1138,-4207,7115,0,0,0,4.65999984741211,-26.53000069,-15.39999962
-1138,-4207,7115,0,0,0,4.65999984741211,-26.53000069,-15.39999962
-1138,-4207,7115,0,0,0,4.65999984741211,-26.53000069,-15.39999962
-1138,-4207,7115,0,0,0,4.65999984741211,-26.53000069,-15.39999962
-1138,-4207,7115,0,0,0,4.65999984741211,-26.53000069,-15.39999962
-1138,-4207,7115,0,0,0,4.65999984741211,-26.53000069,-15.39999962
-1051,-3650,7114,0,0,0,4.65999984741211,-26.53000069,-15.39999962
-1051,-3650,7114,0,0,0,4.65999984741211,-26.53000069,-15.39999962
-1051,-3650,7114,0,0,0,4.65999984741211,-26.53000069,-15.39999962
-1051,-3650,7114,0,0,0,4.65999984741211,-26.53000069,-15.39999962
-1051,-3650,7114,0,0,0,4.65999984741211,-26.53000069,-15.39999962
-1051,-3650,7114,0,0,0,4.65999984741211,-26.53000069,-15.39999962
-1051,-3650,7114,0,0,0,4.65999984741211,-26.53000069,-15.39999962
-1051,-3650,7114,0,0,0,4.65999984741211,-26.53000069,-15.39999962
-1015,-4049,7409,0,0,0,4.65999984741211,-26.53000069,-15.39999962
-1015,-4049,7409,0,0,0,4.65999984741211,-26.53000069,-15.39999962
-1015,-4049,7409,0,0,0,4.65999984741211,-26.53000069,-15.39999962
-1015,-4049,7409,0,0,0,4.65999984741211,-26.53000069,-15.39999962
-1015,-4049,7409,0,0,0,4.65999984741211,-26.53000069,-15.39999962
-1015,-4049,7409,0,0,0,4.65999984741211,-26.53000069,-15.39999962
-1015,-4049,7409,0,0,0,4.65999984741211,-26.53000069,-15.39999962
-1272,-4454,6516,0,0,0,4.65999984741211,-26.53000069,-15.39999962
-1272,-4454,6516,0,0,0,4.65999984741211,-26.53000069,-15.39999962
-1272,-4454,6516,0,0,0,4.65999984741211,-26.53000069,-15.39999962
-1272,-4454,6516,0,0,0,4.65999984741211,-26.53000069,-15.39999962
-1272,-4454,6516,0,0,0,4.65999984741211,-26.53000069,-15.39999962
-1272,-4454,6516,0,0,0,4.65999984741211,-26.53000069,-15.39999962
-1272,-4454,6516,0,0,0,4.65999984741211,-26.53000069,-15.39999962
-1272,-4454,6516,0,0,0,4.65999984741211,-26.53000069,-15.39999962
-871,-3641,7486,0,0,0,4.65999984741211,-26.53000069,-15.39999962
-871,-3641,7486,0,0,0,4.65999984741211,-26.53000069,-15.39999962
-871,-3641,7486,0,0,0,4.65999984741211,-26.53000069,-15.39999962
-871,-3641,7486,0,0,0,4.65999984741211,-26.53000069,-15.39999962
-871,-3641,7486,0,0,0,4.65999984741211,-26.53000069,-15.39999962
-871,-3641,7486,0,0,0,4.65999984741211,-26.53000069,-15.39999962
-871,-3641,7486,0,0,0,4.65999984741211,-26.53000069,-15.39999962
-871,-3641,7486,0,0,0,4.65999984741211,-26.53000069,-15.39999962
-788,-3278,7599,0,0,0,4.65999984741211,-26.53000069,-15.39999962
-788,-3278,7599,0,0,0,4.65999984741211,-26.53000069,-15.39999962
-788,-3278,7599,0,0,0,4.65999984741211,-26.53000069,-15.39999962
-788,-3278,7599,0,0,0,4.65999984741211,-26.53000069,-15.39999962
-788,-3278,7599,0,0,0,4.65999984741211,-26.53000069,-15.39999962
-788,-3278,7599,0,0,0,4.65999984741211,-26.53000069,-15.39999962
-788,-3278,7599,0,0,0,4.65999984741211,-26.53000069,-15.39999962
-788,-3278,7599,0,0,0,4.8600001335144,-24.31999969,-17.75
-1005,-3490,7055,0,0,0,4.8600001335144,-24.31999969,-17.75
-1005,-3490,7055,0,0,0,4.8600001335144,-24.31999969,-17.75
-1005,-3490,7055,0,0,0,4.8600001335144,-24.31999969,-17.75
-1005,-3490,7055,0,0,0,4.8600001335144,-24.31999969,-17.75
-1005,-3490,7055,0,0,0,4.8600001335144,-24.31999969,-17.75
-1005,-3490,7055,0,0,0,4.8600001335144,-24.31999969,-17.75
-1005,-3490,7055,0,0,0,4.8600001335144,-24.31999969,-17.75
-1164,-3958,6609,0,0,0,4.8600001335144,-24.31999969,-17.75
-1164,-3958,6609,0,0,0,4.8600001335144,-24.31999969,-17.75
-1164,-3958,6609,0,0,0,4.8600001335144,-24.31999969,-17.75
-1164,-3958,6609,0,0,0,4.8600001335144,-24.31999969,-17.75
-1164,-3958,6609,0,0,0,4.8600001335144,-24.31999969,-17.75
-1164,-3958,6609,0,0,0,4.8600001335144,-24.31999969,-17.75
-1164,-3958,6609,0,0,0,4.8600001335144,-24.31999969,-17.75
-792,-3594,6795,0,0,0,4.8600001335144,-24.31999969,-17.75
-792,-3594,6795,0,0,0,4.8600001335144,-24.31999969,-17.75
-792,-3594,6795,0,0,0,4.8600001335144,-24.31999969,-17.75
-792,-3594,6795,0,0,0,4.8600001335144,-24.31999969,-17.75
-792,-3594,6795,0,0,0,4.8600001335144,-24.31999969,-17.75
-792,-3594,6795,0,0,0,4.8600001335144,-24.31999969,-17.75
-792,-3594,6795,0,0,0,4.8600001335144,-24.31999969,-17.75
-792,-3594,6795,0,0,0,4.8600001335144,-24.31999969,-17.75
-705,-3479,7089,0,0,0,4.8600001335144,-24.31999969,-17.75
-705,-3479,7089,0,0,0,4.8600001335144,-24.31999969,-17.75
-705,-3479,7089,0,0,0,4.8600001335144,-24.31999969,-17.75
-705,-3479,7089,0,0,0,4.8600001335144,-24.31999969,-17.75
-705,-3479,7089,0,0,0,4.8600001335144,-24.31999969,-17.75
-705,-3479,7089,0,0,0,4.8600001335144,-24.31999969,-17.75
-705,-3479,7089,0,0,0,4.8600001335144,-24.31999969,-17.75
-705,-3479,7089,0,0,0,4.8600001335144,-24.31999969,-17.75
-578,-3707,6911,0,0,0,4.8600001335144,-24.31999969,-17.75
-578,-3707,6911,0,0,0,4.8600001335144,-24.31999969,-17.75
-578,-3707,6911,0,0,0,4.8600001335144,-24.31999969,-17.75
-578,-3707,6911,0,0,0,4.8600001335144,-24.31999969,-17.75
-578,-3707,6911,0,0,0,4.8600001335144,-24.31999969,-17.75
-578,-3707,6911,0,0,0,4.8600001335144,-24.31999969,-17.75
-578,-3707,6911,0,0,0,4.8600001335144,-24.31999969,-17.75
-546,-4255,6715,0,0,0,4.8600001335144,-24.31999969,-17.75
-546,-4255,6715,0,0,0,4.8600001335144,-24.31999969,-17.75
-546,-4255,6715,0,0,0,4.8600001335144,-24.31999969,-17.75
-546,-4255,6715,0,0,0,4.8600001335144,-24.31999969,-17.75
-546,-4255,6715,0,0,0,4.8600001335144,-24.31999969,-17.75
-546,-4255,6715,0,0,0,4.8600001335144,-24.31999969,-17.75
-546,-4255,6715,0,0,0,4.8600001335144,-24.31999969,-17.75
-260,-3872,7366,0,0,0,4.8600001335144,-24.31999969,-17.75
-260,-3872,7366,0,0,0,4.8600001335144,-24.31999969,-17.75
-260,-3872,7366,0,0,0,4.8600001335144,-24.31999969,-17.75
-260,-3872,7366,0,0,0,4.8600001335144,-24.31999969,-17.75
-260,-3872,7366,0,0,0,4.8600001335144,-24.31999969,-17.75
-260,-3872,7366,0,0,0,4.8600001335144,-24.31999969,-17.75
-260,-3872,7366,0,0,0,4.8600001335144,-24.31999969,-17.75
-260,-3872,7366,0,0,0,4.8600001335144,-24.31999969,-17.75
-128,-3681,8087,0,0,0,4.8600001335144,-24.31999969,-17.75
-128,-3681,8087,0,0,0,4.8600001335144,-24.31999969,-17.75
-128,-3681,8087,0,0,0,4.8600001335144,-24.31999969,-17.75
-128,-3681,8087,0,0,0,4.8600001335144,-24.31999969,-17.75
-128,-3681,8087,0,0,0,4.8600001335144,-24.31999969,-17.75
-128,-3681,8087,0,0,0,4.8600001335144,-24.31999969,-17.75
-128,-3681,8087,0,0,0,4.8600001335144,-24.31999969,-17.75
-128,-3681,8087,0,0,0,4.8600001335144,-24.31999969,-17.75
-226,-3690,7563,0,0,0,4.8600001335144,-24.31999969,-17.75
-226,-3690,7563,0,0,0,4.8600001335144,-24.31999969,-17.75
-226,-3690,7563,0,0,0,4.8600001335144,-24.31999969,-17.75
-226,-3690,7563,0,0,0,4.8600001335144,-24.31999969,-17.75
-226,-3690,7563,0,0,0,4.8600001335144,-24.31999969,-17.75
-226,-3690,7563,0,0,0,4.8600001335144,-24.31999969,-17.75
-226,-3690,7563,0,0,0,4.8600001335144,-24.31999969,-17.75
-532,-4914,7065,0,0,0,4.8600001335144,-24.31999969,-17.75
-532,-4914,7065,0,0,0,4.8600001335144,-24.31999969,-17.75
-532,-4914,7065,0,0,0,4.8600001335144,-24.31999969,-17.75
-532,-4914,7065,0,0,0,4.8600001335144,-24.31999969,-17.75
-532,-4914,7065,0,0,0,4.8600001335144,-24.31999969,-17.75
-532,-4914,7065,0,0,0,4.8600001335144,-24.31999969,-17.75
-532,-4914,7065,0,0,0,4.8600001335144,-24.31999969,-17.75
-532,-4914,7065,0,0,0,4.8600001335144,-24.31999969,-17.75
-251,-4289,7378,0,57,0,4.8600001335144,-24.31999969,-17.75
-251,-4289,7378,0,57,0,4.8600001335144,-24.31999969,-17.75
-251,-4289,7378,0,57,0,4.8600001335144,-24.31999969,-17.75
-251,-4289,7378,0,57,0,4.8600001335144,-24.31999969,-17.75
-251,-4289,7378,0,57,0,4.8600001335144,-24.31999969,-17.75
-251,-4289,7378,0,57,0,4.8600001335144,-24.31999969,-17.75
-251,-4289,7378,0,57,0,4.8600001335144,-24.31999969,-17.75
-251,-4289,7378,0,57,0,10.2799997329712,-22.04000092,-20.96999931
-251,-4289,7378,0,57,0,10.2799997329712,-22.04000092,-20.96999931
-395,-3999,7648,0,57,0,10.2799997329712,-22.04000092,-20.96999931
-395,-3999,7648,0,57,0,10.2799997329712,-22.04000092,-20.96999931
-395,-3999,7648,0,57,0,10.2799997329712,-22.04000092,-20.96999931
-395,-3999,7648,0,57,0,10.2799997329712,-22.04000092,-20.96999931
-395,-3999,7648,0,57,0,10.2799997329712,-22.04000092,-20.96999931
-395,-3999,7648,0,57,0,10.2799997329712,-22.04000092,-20.96999931
-923,-3900,7737,0,57,0,10.2799997329712,-22.04000092,-20.96999931
-923,-3900,7737,0,57,0,10.2799997329712,-22.04000092,-20.96999931
-923,-3900,7737,0,57,0,10.2799997329712,-22.04000092,-20.96999931
-923,-3900,7737,0,57,0,10.2799997329712,-22.04000092,-20.96999931
-923,-3900,7737,0,57,0,10.2799997329712,-22.04000092,-20.96999931
-923,-3900,7737,0,57,0,10.2799997329712,-22.04000092,-20.96999931
-923,-3900,7737,0,57,0,10.2799997329712,-22.04000092,-20.96999931
-923,-3900,7737,0,57,0,10.2799997329712,-22.04000092,-20.96999931
-1422,-4520,6754,0,0,0,10.2799997329712,-22.04000092,-20.96999931
-1422,-4520,6754,0,0,0,10.2799997329712,-22.04000092,-20.96999931
-1422,-4520,6754,0,0,0,10.2799997329712,-22.04000092,-20.96999931
-1422,-4520,6754,0,0,0,10.2799997329712,-22.04000092,-20.96999931
-1422,-4520,6754,0,0,0,10.2799997329712,-22.04000092,-20.96999931
-1422,-4520,6754,0,0,0,10.2799997329712,-22.04000092,-20.96999931
-1422,-4520,6754,0,0,0,10.2799997329712,-22.04000092,-20.96999931
-1519,-4003,7293,0,0,0,10.2799997329712,-22.04000092,-20.96999931
-1519,-4003,7293,0,0,0,10.2799997329712,-22.04000092,-20.96999931
-1519,-4003,7293,0,0,0,10.2799997329712,-22.04000092,-20.96999931
-1519,-4003,7293,0,0,0,10.2799997329712,-22.04000092,-20.96999931
-1519,-4003,7293,0,0,0,10.2799997329712,-22.04000092,-20.96999931
-1519,-4003,7293,0,0,0,10.2799997329712,-22.04000092,-20.96999931
-1519,-4003,7293,0,0,0,10.2799997329712,-22.04000092,-20.96999931
-1519,-4003,7293,0,0,0,10.2799997329712,-22.04000092,-20.96999931
-2008,-3128,7502,0,0,0,10.2799997329712,-22.04000092,-20.96999931
-2008,-3128,7502,0,0,0,10.2799997329712,-22.04000092,-20.96999931
-2008,-3128,7502,0,0,0,10.2799997329712,-22.04000092,-20.96999931
-2008,-3128,7502,0,0,0,10.2799997329712,-22.04000092,-20.96999931
-2008,-3128,7502,0,0,0,10.2799997329712,-22.04000092,-20.96999931
-2008,-3128,7502,0,0,0,10.2799997329712,-22.04000092,-20.96999931
-2008,-3128,7502,0,0,0,10.2799997329712,-22.04000092,-20.96999931
-2008,-3128,7502,0,0,0,10.2799997329712,-22.04000092,-20.96999931
-2672,-2930,6633,0,0,0,10.2799997329712,-22.04000092,-20.96999931
-2672,-2930,6633,0,0,0,10.2799997329712,-22.04000092,-20.96999931
-2672,-2930,6633,0,0,0,10.2799997329712,-22.04000092,-20.96999931
-2672,-2930,6633,0,0,0,10.2799997329712,-22.04000092,-20.96999931
-2672,-2930,6633,0,0,0,10.2799997329712,-22.04000092,-20.96999931
-2672,-2930,6633,0,0,0,10.2799997329712,-22.04000092,-20.96999931
-2672,-2930,6633,0,0,0,10.2799997329712,-22.04000092,-20.96999931
-3275,-3796,6083,0,-57,0,10.2799997329712,-22.04000092,-20.96999931
-3275,-3796,6083,0,-57,0,10.2799997329712,-22.04000092,-20.96999931
-3275,-3796,6083,0,-57,0,10.2799997329712,-22.04000092,-20.96999931
-3275,-3796,6083,0,-57,0,10.2799997329712,-22.04000092,-20.96999931
-3275,-3796,6083,0,-57,0,10.2799997329712,-22.04000092,-20.96999931
-3275,-3796,6083,0,-57,0,10.2799997329712,-22.04000092,-20.96999931
-3275,-3796,6083,0,-57,0,10.2799997329712,-22.04000092,-20.96999931
-3275,-3796,6083,0,-57,0,10.2799997329712,-22.04000092,-20.96999931
-2601,-3823,7048,0,-57,0,10.2799997329712,-22.04000092,-20.96999931
-2601,-3823,7048,0,-57,0,10.2799997329712,-22.04000092,-20.96999931
-2601,-3823,7048,0,-57,0,10.2799997329712,-22.04000092,-20.96999931
-2601,-3823,7048,0,-57,0,10.2799997329712,-22.04000092,-20.96999931
-2601,-3823,7048,0,-57,0,10.2799997329712,-22.04000092,-20.96999931
-2601,-3823,7048,0,-57,0,10.2799997329712,-22.04000092,-20.96999931
-2601,-3823,7048,0,-57,0,10.2799997329712,-22.04000092,-20.96999931
-1892,-3723,6909,0,-57,0,10.2799997329712,-22.04000092,-20.96999931
-1892,-3723,6909,0,-57,0,10.2799997329712,-22.04000092,-20.96999931
-1892,-3723,6909,0,-57,0,10.2799997329712,-22.04000092,-20.96999931
-1892,-3723,6909,0,-57,0,10.2799997329712,-22.04000092,-20.96999931
-1892,-3723,6909,0,-57,0,10.2799997329712,-22.04000092,-20.96999931
-1892,-3723,6909,0,-57,0,10.2799997329712,-22.04000092,-20.96999931
-1892,-3723,6909,0,-57,0,10.2799997329712,-22.04000092,-20.96999931
-1892,-3723,6909,0,-57,0,10.2799997329712,-22.04000092,-20.96999931
-1754,-3461,7156,0,-57,0,10.2799997329712,-22.04000092,-20.96999931
-1754,-3461,7156,0,-57,0,10.2799997329712,-22.04000092,-20.96999931
-1754,-3461,7156,0,-57,0,10.2799997329712,-22.04000092,-20.96999931
-1754,-3461,7156,0,-57,0,10.2799997329712,-22.04000092,-20.96999931
-1754,-3461,7156,0,-57,0,10.2799997329712,-22.04000092,-20.96999931
-1754,-3461,7156,0,-57,0,10.2799997329712,-22.04000092,-20.96999931
-1754,-3461,7156,0,-57,0,10.2799997329712,-22.04000092,-20.96999931
-1754,-3461,7156,0,-57,0,10.2799997329712,-22.04000092,-20.96999931
-1716,-3896,6592,0,-57,0,10.2799997329712,-22.04000092,-20.96999931
-1716,-3896,6592,0,-57,0,10.2799997329712,-22.04000092,-20.96999931
-1716,-3896,6592,0,-57,0,10.2799997329712,-22.04000092,-20.96999931
-1716,-3896,6592,0,-57,0,10.2799997329712,-22.04000092,-20.96999931
-1716,-3896,6592,0,-57,0,10.2799997329712,-22.04000092,-20.96999931
-1716,-3896,6592,0,-57,0,10.2799997329712,-22.04000092,-20.96999931
-1716,-3896,6592,0,-57,0,10.2799997329712,-22.04000092,-20.96999931
-1716,-3896,6592,0,-57,0,-4.840000153,-20.72999954,-18.46999931
-1716,-3896,6592,0,-57,0,-4.840000153,-20.72999954,-18.46999931
-269,-3914,7396,0,0,0,-4.840000153,-20.72999954,-18.46999931
-269,-3914,7396,0,0,0,-4.840000153,-20.72999954,-18.46999931
-269,-3914,7396,0,0,0,-4.840000153,-20.72999954,-18.46999931
-269,-3914,7396,0,0,0,-4.840000153,-20.72999954,-18.46999931
-269,-3914,7396,0,0,0,-4.840000153,-20.72999954,-18.46999931
-269,-3914,7396,0,0,0,-4.840000153,-20.72999954,-18.46999931
310,-3758,7550,0,0,0,-4.840000153,-20.72999954,-18.46999931
310,-3758,7550,0,0,0,-4.840000153,-20.72999954,-18.46999931
310,-3758,7550,0,0,0,-4.840000153,-20.72999954,-18.46999931
310,-3758,7550,0,0,0,-4.840000153,-20.72999954,-18.46999931
310,-3758,7550,0,0,0,-4.840000153,-20.72999954,-18.46999931
310,-3758,7550,0,0,0,-4.840000153,-20.72999954,-18.46999931
310,-3758,7550,0,0,0,-4.840000153,-20.72999954,-18.46999931
310,-3758,7550,0,0,0,-4.840000153,-20.72999954,-18.46999931
791,-4429,7002,0,0,0,-4.840000153,-20.72999954,-18.46999931
791,-4429,7002,0,0,0,-4.840000153,-20.72999954,-18.46999931
791,-4429,7002,0,0,0,-4.840000153,-20.72999954,-18.46999931
791,-4429,7002,0,0,0,-4.840000153,-20.72999954,-18.46999931
791,-4429,7002,0,0,0,-4.840000153,-20.72999954,-18.46999931
791,-4429,7002,0,0,0,-4.840000153,-20.72999954,-18.46999931
791,-4429,7002,0,0,0,-4.840000153,-20.72999954,-18.46999931
793,-4592,6740,0,0,0,-4.840000153,-20.72999954,-18.46999931
793,-4592,6740,0,0,0,-4.840000153,-20.72999954,-18.46999931
793,-4592,6740,0,0,0,-4.840000153,-20.72999954,-18.46999931
793,-4592,6740,0,0,0,-4.840000153,-20.72999954,-18.46999931
793,-4592,6740,0,0,0,-4.840000153,-20.72999954,-18.46999931
793,-4592,6740,0,0,0,-4.840000153,-20.72999954,-18.46999931
793,-4592,6740,0,0,0,-4.840000153,-20.72999954,-18.46999931
793,-4592,6740,0,0,0,-4.840000153,-20.72999954,-18.46999931
2094,-3961,7466,0,57,0,-4.840000153,-20.72999954,-18.46999931
2094,-3961,7466,0,57,0,-4.840000153,-20.72999954,-18.46999931
2094,-3961,7466,0,57,0,-4.840000153,-20.72999954,-18.46999931
2094,-3961,7466,0,57,0,-4.840000153,-20.72999954,-18.46999931
2094,-3961,7466,0,57,0,-4.840000153,-20.72999954,-18.46999931
2094,-3961,7466,0,57,0,-4.840000153,-20.72999954,-18.46999931
2094,-3961,7466,0,57,0,-4.840000153,-20.72999954,-18.46999931
2505,-3158,7490,0,171,0,-4.840000153,-20.72999954,-18.46999931
2505,-3158,7490,0,171,0,-4.840000153,-20.72999954,-18.46999931
2505,-3158,7490,0,171,0,-4.840000153,-20.72999954,-18.46999931
2505,-3158,7490,0,171,0,-4.840000153,-20.72999954,-18.46999931
2505,-3158,7490,0,171,0,-4.840000153,-20.72999954,-18.46999931
2505,-3158,7490,0,171,0,-4.840000153,-20.72999954,-18.46999931
2505,-3158,7490,0,171,0,-4.840000153,-20.72999954,-18.46999931
2505,-3158,7490,0,171,0,-4.840000153,-20.72999954,-18.46999931
1590,-3380,7267,0,57,0,-4.840000153,-20.72999954,-18.46999931
1590,-3380,7267,0,57,0,-4.840000153,-20.72999954,-18.46999931
1590,-3380,7267,0,57,0,-4.840000153,-20.72999954,-18.46999931
1590,-3380,7267,0,57,0,-4.840000153,-20.72999954,-18.46999931
1590,-3380,7267,0,57,0,-4.840000153,-20.72999954,-18.46999931
1590,-3380,7267,0,57,0,-4.840000153,-20.72999954,-18.46999931
1590,-3380,7267,0,57,0,-4.840000153,-20.72999954,-18.46999931
1590,-3380,7267,0,57,0,-4.840000153,-20.72999954,-18.46999931
-42,-3805,6653,0,0,0,-4.840000153,-20.72999954,-18.46999931
-42,-3805,6653,0,0,0,-4.840000153,-20.72999954,-18.46999931
-42,-3805,6653,0,0,0,-4.840000153,-20.72999954,-18.46999931
-42,-3805,6653,0,0,0,-4.840000153,-20.72999954,-18.46999931
-42,-3805,6653,0,0,0,-4.840000153,-20.72999954,-18.46999931
-42,-3805,6653,0,0,0,-4.840000153,-20.72999954,-18.46999931
-42,-3805,6653,0,0,0,-4.840000153,-20.72999954,-18.46999931
364,-3808,7589,0,57,0,-4.840000153,-20.72999954,-18.46999931
364,-3808,7589,0,57,0,-4.840000153,-20.72999954,-18.46999931
364,-3808,7589,0,57,0,-4.840000153,-20.72999954,-18.46999931
364,-3808,7589,0,57,0,-4.840000153,-20.72999954,-18.46999931
364,-3808,7589,0,57,0,-4.840000153,-20.72999954,-18.46999931
364,-3808,7589,0,57,0,-4.840000153,-20.72999954,-18.46999931
364,-3808,7589,0,57,0,-4.840000153,-20.72999954,-18.46999931
364,-3808,7589,0,57,0,-4.840000153,-20.72999954,-18.46999931
47,-3733,7667,0,57,0,-4.840000153,-20.72999954,-18.46999931
47,-3733,7667,0,57,0,-4.840000153,-20.72999954,-18.46999931
47,-3733,7667,0,57,0,-4.840000153,-20.72999954,-18.46999931
47,-3733,7667,0,57,0,-4.840000153,-20.72999954,-18.46999931
47,-3733,7667,0,57,0,-4.840000153,-20.72999954,-18.46999931
47,-3733,7667,0,57,0,-4.840000153,-20.72999954,-18.46999931
47,-3733,7667,0,57,0,-4.840000153,-20.72999954,-18.46999931
-687,-3524,7232,0,57,0,-4.840000153,-20.72999954,-18.46999931
-687,-3524,7232,0,57,0,-4.840000153,-20.72999954,-18.46999931
-687,-3524,7232,0,57,0,-4.840000153,-20.72999954,-18.46999931
-687,-3524,7232,0,57,0,-4.840000153,-20.72999954,-18.46999931
-687,-3524,7232,0,57,0,-4.840000153,-20.72999954,-18.46999931
-687,-3524,7232,0,57,0,-4.840000153,-20.72999954,-18.46999931
-687,-3524,7232,0,57,0,-4.840000153,-20.72999954,-18.46999931
-687,-3524,7232,0,57,0,-4.840000153,-20.72999954,-18.46999931
-687,-3524,7232,0,57,0,19.1200008392334,-21.26000023,-27.52000046
-1998,-4267,6103,0,57,0,19.1200008392334,-21.26000023,-27.52000046
-1998,-4267,6103,0,57,0,19.1200008392334,-21.26000023,-27.52000046
-1998,-4267,6103,0,57,0,19.1200008392334,-21.26000023,-27.52000046
-1998,-4267,6103,0,57,0,19.1200008392334,-21.26000023,-27.52000046
-1998,-4267,6103,0,57,0,19.1200008392334,-21.26000023,-27.52000046
-1998,-4267,6103,0,57,0,19.1200008392334,-21.26000023,-27.52000046
-1998,-4267,6103,0,57,0,19.1200008392334,-21.26000023,-27.52000046
-2123,-3462,6599,0,0,0,19.1200008392334,-21.26000023,-27.52000046
-2123,-3462,6599,0,0,0,19.1200008392334,-21.26000023,-27.52000046
-2123,-3462,6599,0,0,0,19.1200008392334,-21.26000023,-27.52000046
-2123,-3462,6599,0,0,0,19.1200008392334,-21.26000023,-27.52000046
-2123,-3462,6599,0,0,0,19.1200008392334,-21.26000023,-27.52000046
-2123,-3462,6599,0,0,0,19.1200008392334,-21.26000023,-27.52000046
-2123,-3462,6599,0,0,0,19.1200008392334,-21.26000023,-27.52000046
-2829,-3051,6550,0,0,0,19.1200008392334,-21.26000023,-27.52000046
-2829,-3051,6550,0,0,0,19.1200008392334,-21.26000023,-27.52000046
-2829,-3051,6550,0,0,0,19.1200008392334,-21.26000023,-27.52000046
-2829,-3051,6550,0,0,0,19.1200008392334,-21.26000023,-27.52000046
-2829,-3051,6550,0,0,0,19.1200008392334,-21.26000023,-27.52000046
-2829,-3051,6550,0,0,0,19.1200008392334,-21.26000023,-27.52000046
-2829,-3051,6550,0,0,0,19.1200008392334,-21.26000023,-27.52000046
-2829,-3051,6550,0,0,0,19.1200008392334,-21.26000023,-27.52000046
-3290,-3073,6632,0,-57,0,19.1200008392334,-21.26000023,-27.52000046
-3290,-3073,6632,0,-57,0,19.1200008392334,-21.26000023,-27.52000046
-3290,-3073,6632,0,-57,0,19.1200008392334,-21.26000023,-27.52000046
-3290,-3073,6632,0,-57,0,19.1200008392334,-21.26000023,-27.52000046
-3290,-3073,6632,0,-57,0,19.1200008392334,-21.26000023,-27.52000046
-3290,-3073,6632,0,-57,0,19.1200008392334,-21.26000023,-27.52000046
-3290,-3073,6632,0,-57,0,19.1200008392334,-21.26000023,-27.52000046
-3802,-3812,6668,0,-57,0,19.1200008392334,-21.26000023,-27.52000046
-3802,-3812,6668,0,-57,0,19.1200008392334,-21.26000023,-27.52000046
-3802,-3812,6668,0,-57,0,19.1200008392334,-21.26000023,-27.52000046
-3802,-3812,6668,0,-57,0,19.1200008392334,-21.26000023,-27.52000046
-3802,-3812,6668,0,-57,0,19.1200008392334,-21.26000023,-27.52000046
-3802,-3812,6668,0,-57,0,19.1200008392334,-21.26000023,-27.52000046
-3802,-3812,6668,0,-57,0,19.1200008392334,-21.26000023,-27.52000046
-3802,-3812,6668,0,-57,0,19.1200008392334,-21.26000023,-27.52000046
-3274,-3475,7383,0,-114,0,19.1200008392334,-21.26000023,-27.52000046
-3274,-3475,7383,0,-114,0,19.1200008392334,-21.26000023,-27.52000046
-3274,-3475,7383,0,-114,0,19.1200008392334,-21.26000023,-27.52000046
-3274,-3475,7383,0,-114,0,19.1200008392334,-21.26000023,-27.52000046
-3274,-3475,7383,0,-114,0,19.1200008392334,-21.26000023,-27.52000046
-3274,-3475,7383,0,-114,0,19.1200008392334,-21.26000023,-27.52000046
-3274,-3475,7383,0,-114,0,19.1200008392334,-21.26000023,-27.52000046
-3274,-3475,7383,0,-114,0,19.1200008392334,-21.26000023,-27.52000046
-2326,-3749,7974,0,-57,0,19.1200008392334,-21.26000023,-27.52000046
-2326,-3749,7974,0,-57,0,19.1200008392334,-21.26000023,-27.52000046
-2326,-3749,7974,0,-57,0,19.1200008392334,-21.26000023,-27.52000046
-2326,-3749,7974,0,-57,0,19.1200008392334,-21.26000023,-27.52000046
-2326,-3749,7974,0,-57,0,19.1200008392334,-21.26000023,-27.52000046
-2326,-3749,7974,0,-57,0,19.1200008392334,-21.26000023,-27.52000046
-2326,-3749,7974,0,-57,0,19.1200008392334,-21.26000023,-27.52000046
-1742,-4049,7738,0,0,0,19.1200008392334,-21.26000023,-27.52000046
-1742,-4049,7738,0,0,0,19.1200008392334,-21.26000023,-27.52000046
-1742,-4049,7738,0,0,0,19.1200008392334,-21.26000023,-27.52000046
-1742,-4049,7738,0,0,0,19.1200008392334,-21.26000023,-27.52000046
-1742,-4049,7738,0,0,0,19.1200008392334,-21.26000023,-27.52000046
-1742,-4049,7738,0,0,0,19.1200008392334,-21.26000023,-27.52000046
-1742,-4049,7738,0,0,0,19.1200008392334,-21.26000023,-27.52000046
-1742,-4049,7738,0,0,0,19.1200008392334,-21.26000023,-27.52000046
-1837,-4962,7287,0,0,0,19.1200008392334,-21.26000023,-27.52000046
-1837,-4962,7287,0,0,0,19.1200008392334,-21.26000023,-27.52000046
-1837,-4962,7287,0,0,0,19.1200008392334,-21.26000023,-27.52000046
-1837,-4962,7287,0,0,0,19.1200008392334,-21.26000023,-27.52000046
-1837,-4962,7287,0,0,0,19.1200008392334,-21.26000023,-27.52000046
-1837,-4962,7287,0,0,0,19.1200008392334,-21.26000023,-27.52000046
-1837,-4962,7287,0,0,0,19.1200008392334,-21.26000023,-27.52000046
-1837,-4962,7287,0,0,0,19.1200008392334,-21.26000023,-27.52000046
-722,-4484,7568,0,0,0,19.1200008392334,-21.26000023,-27.52000046
-722,-4484,7568,0,0,0,19.1200008392334,-21.26000023,-27.52000046
-722,-4484,7568,0,0,0,19.1200008392334,-21.26000023,-27.52000046
-722,-4484,7568,0,0,0,19.1200008392334,-21.26000023,-27.52000046
-722,-4484,7568,0,0,0,19.1200008392334,-21.26000023,-27.52000046
-722,-4484,7568,0,0,0,19.1200008392334,-21.26000023,-27.52000046
-722,-4484,7568,0,0,0,19.1200008392334,-21.26000023,-27.52000046
-722,-4484,7568,0,0,0,19.1200008392334,-21.26000023,-27.52000046
6,-3750,7927,0,0,0,19.1200008392334,-21.26000023,-27.52000046
6,-3750,7927,0,0,0,19.1200008392334,-21.26000023,-27.52000046
6,-3750,7927,0,0,0,19.1200008392334,-21.26000023,-27.52000046
6,-3750,7927,0,0,0,19.1200008392334,-21.26000023,-27.52000046
6,-3750,7927,0,0,0,19.1200008392334,-21.26000023,-27.52000046
6,-3750,7927,0,0,0,19.1200008392334,-21.26000023,-27.52000046
6,-3750,7927,0,0,0,19.1200008392334,-21.26000023,-27.52000046
6,-3750,7927,0,0,0,1.88999998569489,-24.54000092,-25.44000053
6,-3750,7927,0,0,0,1.88999998569489,-24.54000092,-25.44000053
-206,-4216,7957,0,0,0,1.88999998569489,-24.54000092,-25.44000053
-206,-4216,7957,0,0,0,1.88999998569489,-24.54000092,-25.44000053
-206,-4216,7957,0,0,0,1.88999998569489,-24.54000092,-25.44000053
-206,-4216,7957,0,0,0,1.88999998569489,-24.54000092,-25.44000053
-206,-4216,7957,0,0,0,1.88999998569489,-24.54000092,-25.44000053
-206,-4216,7957,0,0,0,1.88999998569489,-24.54000092,-25.44000053
-686,-4957,7186,-57,0,0,1.88999998569489,-24.54000092,-25.44000053
-686,-4957,7186,-57,0,0,1.88999998569489,-24.54000092,-25.44000053
-686,-4957,7186,-57,0,0,1.88999998569489,-24.54000092,-25.44000053
-686,-4957,7186,-57,0,0,1.88999998569489,-24.54000092,-25.44000053
-686,-4957,7186,-57,0,0,1.88999998569489,-24.54000092,-25.44000053
-686,-4957,7186,-57,0,0,1.88999998569489,-24.54000092,-25.44000053
-686,-4957,7186,-57,0,0,1.88999998569489,-24.54000092,-25.44000053
-686,-4957,7186,-57,0,0,1.88999998569489,-24.54000092,-25.44000053
-35,-4124,7585,-57,0,0,1.88999998569489,-24.54000092,-25.44000053
-35,-4124,7585,-57,0,0,1.88999998569489,-24.54000092,-25.44000053
-35,-4124,7585,-57,0,0,1.88999998569489,-24.54000092,-25.44000053
-35,-4124,7585,-57,0,0,1.88999998569489,-24.54000092,-25.44000053
-35,-4124,7585,-57,0,0,1.88999998569489,-24.54000092,-25.44000053
-35,-4124,7585,-57,0,0,1.88999998569489,-24.54000092,-25.44000053
-35,-4124,7585,-57,0,0,1.88999998569489,-24.54000092,-25.44000053
-70,-3865,7704,-57,0,0,1.88999998569489,-24.54000092,-25.44000053
-70,-3865,7704,-57,0,0,1.88999998569489,-24.54000092,-25.44000053
-70,-3865,7704,-57,0,0,1.88999998569489,-24.54000092,-25.44000053
-70,-3865,7704,-57,0,0,1.88999998569489,-24.54000092,-25.44000053
-70,-3865,7704,-57,0,0,1.88999998569489,-24.54000092,-25.44000053
-70,-3865,7704,-57,0,0,1.88999998569489,-24.54000092,-25.44000053
-70,-3865,7704,-57,0,0,1.88999998569489,-24.54000092,-25.44000053
-70,-3865,7704,-57,0,0,1.88999998569489,-24.54000092,-25.44000053
-358,-4103,7963,0,0,0,1.88999998569489,-24.54000092,-25.44000053
-358,-4103,7963,0,0,0,1.88999998569489,-24.54000092,-25.44000053
-358,-4103,7963,0,0,0,1.88999998569489,-24.54000092,-25.44000053
-358,-4103,7963,0,0,0,1.88999998569489,-24.54000092,-25.44000053
-358,-4103,7963,0,0,0,1.88999998569489,-24.54000092,-25.44000053
-358,-4103,7963,0,0,0,1.88999998569489,-24.54000092,-25.44000053
-358,-4103,7963,0,0,0,1.88999998569489,-24.54000092,-25.44000053
-358,-4103,7963,0,0,0,1.88999998569489,-24.54000092,-25.44000053
-820,-4993,7471,0,0,0,1.88999998569489,-24.54000092,-25.44000053
-820,-4993,7471,0,0,0,1.88999998569489,-24.54000092,-25.44000053
-820,-4993,7471,0,0,0,1.88999998569489,-24.54000092,-25.44000053
-820,-4993,7471,0,0,0,1.88999998569489,-24.54000092,-25.44000053
-820,-4993,7471,0,0,0,1.88999998569489,-24.54000092,-25.44000053
-820,-4993,7471,0,0,0,1.88999998569489,-24.54000092,-25.44000053
-820,-4993,7471,0,0,0,1.88999998569489,-24.54000092,-25.44000053
-338,-4792,7617,0,0,0,1.88999998569489,-24.54000092,-25.44000053
-338,-4792,7617,0,0,0,1.88999998569489,-24.54000092,-25.44000053
-338,-4792,7617,0,0,0,1.88999998569489,-24.54000092,-25.44000053
-338,-4792,7617,0,0,0,1.88999998569489,-24.54000092,-25.44000053
-338,-4792,7617,0,0,0,1.88999998569489,-24.54000092,-25.44000053
-338,-4792,7617,0,0,0,1.88999998569489,-24.54000092,-25.44000053
-338,-4792,7617,0,0,0,1.88999998569489,-24.54000092,-25.44000053
-338,-4792,7617,0,0,0,1.88999998569489,-24.54000092,-25.44000053
-237,-4937,7618,114,0,0,1.88999998569489,-24.54000092,-25.44000053
-237,-4937,7618,114,0,0,1.88999998569489,-24.54000092,-25.44000053
-237,-4937,7618,114,0,0,1.88999998569489,-24.54000092,-25.44000053
-237,-4937,7618,114,0,0,1.88999998569489,-24.54000092,-25.44000053
-237,-4937,7618,114,0,0,1.88999998569489,-24.54000092,-25.44000053
-237,-4937,7618,114,0,0,1.88999998569489,-24.54000092,-25.44000053
-237,-4937,7618,114,0,0,1.88999998569489,-24.54000092,-25.44000053
-237,-4937,7618,114,0,0,1.88999998569489,-24.54000092,-25.44000053
-635,-5634,7256,57,0,0,1.88999998569489,-24.54000092,-25.44000053
-635,-5634,7256,57,0,0,1.88999998569489,-24.54000092,-25.44000053
-635,-5634,7256,57,0,0,1.88999998569489,-24.54000092,-25.44000053
-635,-5634,7256,57,0,0,1.88999998569489,-24.54000092,-25.44000053
-635,-5634,7256,57,0,0,1.88999998569489,-24.54000092,-25.44000053
-635,-5634,7256,57,0,0,1.88999998569489,-24.54000092,-25.44000053
-635,-5634,7256,57,0,0,1.88999998569489,-24.54000092,-25.44000053
-1139,-5903,6749,57,0,0,1.88999998569489,-24.54000092,-25.44000053
-1139,-5903,6749,57,0,0,1.88999998569489,-24.54000092,-25.44000053
-1139,-5903,6749,57,0,0,1.88999998569489,-24.54000092,-25.44000053
-1139,-5903,6749,57,0,0,1.88999998569489,-24.54000092,-25.44000053
-1139,-5903,6749,57,0,0,1.88999998569489,-24.54000092,-25.44000053
-1139,-5903,6749,57,0,0,1.88999998569489,-24.54000092,-25.44000053
-1139,-5903,6749,57,0,0,1.88999998569489,-24.54000092,-25.44000053
-1139,-5903,6749,57,0,0,1.88999998569489,-24.54000092,-25.44000053
-1028,-5147,7245,0,0,0,1.88999998569489,-24.54000092,-25.44000053
-1028,-5147,7245,0,0,0,1.88999998569489,-24.54000092,-25.44000053
-1028,-5147,7245,0,0,0,1.88999998569489,-24.54000092,-25.44000053
-1028,-5147,7245,0,0,0,1.88999998569489,-24.54000092,-25.44000053
-1028,-5147,7245,0,0,0,1.88999998569489,-24.54000092,-25.44000053
-1028,-5147,7245,0,0,0,1.88999998569489,-24.54000092,-25.44000053
-1028,-5147,7245,0,0,0,1.88999998569489,-24.54000092,-25.44000053
-1028,-5147,7245,0,0,0,1.88999998569489,-24.54000092,-25.44000053
-1028,-5147,7245,0,0,0,6.78000020980835,-17.72999954,-26.68000031
-965,-4572,7844,0,0,0,6.78000020980835,-17.72999954,-26.68000031
-965,-4572,7844,0,0,0,6.78000020980835,-17.72999954,-26.68000031
-965,-4572,7844,0,0,0,6.78000020980835,-17.72999954,-26.68000031
-965,-4572,7844,0,0,0,6.78000020980835,-17.72999954,-26.68000031
-965,-4572,7844,0,0,0,6.78000020980835,-17.72999954,-26.68000031
-965,-4572,7844,0,0,0,6.78000020980835,-17.72999954,-26.68000031
-965,-4572,7844,0,0,0,6.78000020980835,-17.72999954,-26.68000031
-1183,-4307,7640,0,0,0,6.78000020980835,-17.72999954,-26.68000031
-1183,-4307,7640,0,0,0,6.78000020980835,-17.72999954,-26.68000031
-1183,-4307,7640,0,0,0,6.78000020980835,-17.72999954,-26.68000031
-1183,-4307,7640,0,0,0,6.78000020980835,-17.72999954,-26.68000031
-1183,-4307,7640,0,0,0,6.78000020980835,-17.72999954,-26.68000031
-1183,-4307,7640,0,0,0,6.78000020980835,-17.72999954,-26.68000031
-1183,-4307,7640,0,0,0,6.78000020980835,-17.72999954,-26.68000031
-1457,-4646,6858,0,0,0,6.78000020980835,-17.72999954,-26.68000031
-1457,-4646,6858,0,0,0,6.78000020980835,-17.72999954,-26.68000031
-1457,-4646,6858,0,0,0,6.78000020980835,-17.72999954,-26.68000031
-1457,-4646,6858,0,0,0,6.78000020980835,-17.72999954,-26.68000031
-1457,-4646,6858,0,0,0,6.78000020980835,-17.72999954,-26.68000031
-1457,-4646,6858,0,0,0,6.78000020980835,-17.72999954,-26.68000031
-1457,-4646,6858,0,0,0,6.78000020980835,-17.72999954,-26.68000031
-1457,-4646,6858,0,0,0,6.78000020980835,-17.72999954,-26.68000031
-1202,-3293,7081,0,0,0,6.78000020980835,-17.72999954,-26.68000031
-1202,-3293,7081,0,0,0,6.78000020980835,-17.72999954,-26.68000031
-1202,-3293,7081,0,0,0,6.78000020980835,-17.72999954,-26.68000031
-1202,-3293,7081,0,0,0,6.78000020980835,-17.72999954,-26.68000031
-1202,-3293,7081,0,0,0,6.78000020980835,-17.72999954,-26.68000031
-1202,-3293,7081,0,0,0,6.78000020980835,-17.72999954,-26.68000031
-1202,-3293,7081,0,0,0,6.78000020980835,-17.72999954,-26.68000031
-1202,-3293,7081,0,0,0,6.78000020980835,-17.72999954,-26.68000031
-1062,-2458,6914,-57,0,0,6.78000020980835,-17.72999954,-26.68000031
-1062,-2458,6914,-57,0,0,6.78000020980835,-17.72999954,-26.68000031
-1062,-2458,6914,-57,0,0,6.78000020980835,-17.72999954,-26.68000031
-1062,-2458,6914,-57,0,0,6.78000020980835,-17.72999954,-26.68000031
-1062,-2458,6914,-57,0,0,6.78000020980835,-17.72999954,-26.68000031
-1062,-2458,6914,-57,0,0,6.78000020980835,-17.72999954,-26.68000031
-1062,-2458,6914,-57,0,0,6.78000020980835,-17.72999954,-26.68000031
-1230,-2654,6931,-57,0,0,6.78000020980835,-17.72999954,-26.68000031
-1230,-2654,6931,-57,0,0,6.78000020980835,-17.72999954,-26.68000031
-1230,-2654,6931,-57,0,0,6.78000020980835,-17.72999954,-26.68000031
-1230,-2654,6931,-57,0,0,6.78000020980835,-17.72999954,-26.68000031
-1230,-2654,6931,-57,0,0,6.78000020980835,-17.72999954,-26.68000031
-1230,-2654,6931,-57,0,0,6.78000020980835,-17.72999954,-26.68000031
-1230,-2654,6931,-57,0,0,6.78000020980835,-17.72999954,-26.68000031
-1230,-2654,6931,-57,0,0,6.78000020980835,-17.72999954,-26.68000031
-1611,-3360,6774,0,0,0,6.78000020980835,-17.72999954,-26.68000031
-1611,-3360,6774,0,0,0,6.78000020980835,-17.72999954,-26.68000031
-1611,-3360,6774,0,0,0,6.78000020980835,-17.72999954,-26.68000031
-1611,-3360,6774,0,0,0,6.78000020980835,-17.72999954,-26.68000031
-1611,-3360,6774,0,0,0,6.78000020980835,-17.72999954,-26.68000031
-1611,-3360,6774,0,0,0,6.78000020980835,-17.72999954,-26.68000031
-1611,-3360,6774,0,0,0,6.78000020980835,-17.72999954,-26.68000031
-1611,-3360,6774,0,0,0,6.78000020980835,-17.72999954,-26.68000031
-1038,-2673,7467,-57,0,0,6.78000020980835,-17.72999954,-26.68000031
-1038,-2673,7467,-57,0,0,6.78000020980835,-17.72999954,-26.68000031
-1038,-2673,7467,-57,0,0,6.78000020980835,-17.72999954,-26.68000031
-1038,-2673,7467,-57,0,0,6.78000020980835,-17.72999954,-26.68000031
-1038,-2673,7467,-57,0,0,6.78000020980835,-17.72999954,-26.68000031
-1038,-2673,7467,-57,0,0,6.78000020980835,-17.72999954,-26.68000031
-1038,-2673,7467,-57,0,0,6.78000020980835,-17.72999954,-26.68000031
-945,-2714,8110,-57,0,0,6.78000020980835,-17.72999954,-26.68000031
-945,-2714,8110,-57,0,0,6.78000020980835,-17.72999954,-26.68000031
-945,-2714,8110,-57,0,0,6.78000020980835,-17.72999954,-26.68000031
-945,-2714,8110,-57,0,0,6.78000020980835,-17.72999954,-26.68000031
-945,-2714,8110,-57,0,0,6.78000020980835,-17.72999954,-26.68000031
-945,-2714,8110,-57,0,0,6.78000020980835,-17.72999954,-26.68000031
-945,-2714,8110,-57,0,0,6.78000020980835,-17.72999954,-26.68000031
-945,-2714,8110,-57,0,0,6.78000020980835,-17.72999954,-26.68000031
-1113,-3253,8193,0,0,0,6.78000020980835,-17.72999954,-26.68000031
-1113,-3253,8193,0,0,0,6.78000020980835,-17.72999954,-26.68000031
-1113,-3253,8193,0,0,0,6.78000020980835,-17.72999954,-26.68000031
-1113,-3253,8193,0,0,0,6.78000020980835,-17.72999954,-26.68000031
-1113,-3253,8193,0,0,0,6.78000020980835,-17.72999954,-26.68000031
-1113,-3253,8193,0,0,0,6.78000020980835,-17.72999954,-26.68000031
-1113,-3253,8193,0,0,0,6.78000020980835,-17.72999954,-26.68000031
-1113,-3253,8193,0,0,0,6.78000020980835,-17.72999954,-26.68000031
-1109,-4451,7532,0,0,0,6.78000020980835,-17.72999954,-26.68000031
-1109,-4451,7532,0,0,0,6.78000020980835,-17.72999954,-26.68000031
-1109,-4451,7532,0,0,0,6.78000020980835,-17.72999954,-26.68000031
-1109,-4451,7532,0,0,0,6.78000020980835,-17.72999954,-26.68000031
-1109,-4451,7532,0,0,0,6.78000020980835,-17.72999954,-26.68000031
-1109,-4451,7532,0,0,0,6.78000020980835,-17.72999954,-26.68000031
-1109,-4451,7532,0,0,0,6.78000020980835,-17.72999954,-26.68000031
-1109,-4451,7532,0,0,0,5.55999994277954,-34.5,-28.48999977
-1109,-4451,7532,0,0,0,5.55999994277954,-34.5,-28.48999977
-723,-3949,8371,0,0,0,5.55999994277954,-34.5,-28.48999977
-723,-3949,8371,0,0,0,5.55999994277954,-34.5,-28.48999977
-723,-3949,8371,0,0,0,5.55999994277954,-34.5,-28.48999977
-723,-3949,8371,0,0,0,5.55999994277954,-34.5,-28.48999977
-723,-3949,8371,0,0,0,5.55999994277954,-34.5,-28.48999977
-723,-3949,8371,0,0,0,5.55999994277954,-34.5,-28.48999977
-822,-4061,8335,0,0,0,5.55999994277954,-34.5,-28.48999977
-822,-4061,8335,0,0,0,5.55999994277954,-34.5,-28.48999977
-822,-4061,8335,0,0,0,5.55999994277954,-34.5,-28.48999977
-822,-4061,8335,0,0,0,5.55999994277954,-34.5,-28.48999977
-822,-4061,8335,0,0,0,5.55999994277954,-34.5,-28.48999977
-822,-4061,8335,0,0,0,5.55999994277954,-34.5,-28.48999977
-822,-4061,8335,0,0,0,5.55999994277954,-34.5,-28.48999977
-822,-4061,8335,0,0,0,5.55999994277954,-34.5,-28.48999977
-1260,-4876,7857,114,0,0,5.55999994277954,-34.5,-28.48999977
-1260,-4876,7857,114,0,0,5.55999994277954,-34.5,-28.48999977
-1260,-4876,7857,114,0,0,5.55999994277954,-34.5,-28.48999977
-1260,-4876,7857,114,0,0,5.55999994277954,-34.5,-28.48999977
-1260,-4876,7857,114,0,0,5.55999994277954,-34.5,-28.48999977
-1260,-4876,7857,114,0,0,5.55999994277954,-34.5,-28.48999977
-1260,-4876,7857,114,0,0,5.55999994277954,-34.5,-28.48999977
-1260,-4876,7857,114,0,0,5.55999994277954,-34.5,-28.48999977
-1607,-5741,7025,57,0,0,5.55999994277954,-34.5,-28.48999977
-1607,-5741,7025,57,0,0,5.55999994277954,-34.5,-28.48999977
-1607,-5741,7025,57,0,0,5.55999994277954,-34.5,-28.48999977
-1607,-5741,7025,57,0,0,5.55999994277954,-34.5,-28.48999977
-1607,-5741,7025,57,0,0,5.55999994277954,-34.5,-28.48999977
-1607,-5741,7025,57,0,0,5.55999994277954,-34.5,-28.48999977
-1607,-5741,7025,57,0,0,5.55999994277954,-34.5,-28.48999977
-1220,-5373,7453,0,0,0,5.55999994277954,-34.5,-28.48999977
-1220,-5373,7453,0,0,0,5.55999994277954,-34.5,-28.48999977
-1220,-5373,7453,0,0,0,5.55999994277954,-34.5,-28.48999977
-1220,-5373,7453,0,0,0,5.55999994277954,-34.5,-28.48999977
-1220,-5373,7453,0,0,0,5.55999994277954,-34.5,-28.48999977
-1220,-5373,7453,0,0,0,5.55999994277954,-34.5,-28.48999977
-1220,-5373,7453,0,0,0,5.55999994277954,-34.5,-28.48999977
-1220,-5373,7453,0,0,0,5.55999994277954,-34.5,-28.48999977
-882,-5120,7440,0,0,0,5.55999994277954,-34.5,-28.48999977
-882,-5120,7440,0,0,0,5.55999994277954,-34.5,-28.48999977
-882,-5120,7440,0,0,0,5.55999994277954,-34.5,-28.48999977
-882,-5120,7440,0,0,0,5.55999994277954,-34.5,-28.48999977
-882,-5120,7440,0,0,0,5.55999994277954,-34.5,-28.48999977
-882,-5120,7440,0,0,0,5.55999994277954,-34.5,-28.48999977
-882,-5120,7440,0,0,0,5.55999994277954,-34.5,-28.48999977
-882,-5120,7440,0,0,0,5.55999994277954,-34.5,-28.48999977
-721,-4759,7619,0,0,0,5.55999994277954,-34.5,-28.48999977
-721,-4759,7619,0,0,0,5.55999994277954,-34.5,-28.48999977
-721,-4759,7619,0,0,0,5.55999994277954,-34.5,-28.48999977
-721,-4759,7619,0,0,0,5.55999994277954,-34.5,-28.48999977
-721,-4759,7619,0,0,0,5.55999994277954,-34.5,-28.48999977
-721,-4759,7619,0,0,0,5.55999994277954,-34.5,-28.48999977
-721,-4759,7619,0,0,0,5.55999994277954,-34.5,-28.48999977
-1021,-5341,7161,0,0,0,5.55999994277954,-34.5,-28.48999977
-1021,-5341,7161,0,0,0,5.55999994277954,-34.5,-28.48999977
-1021,-5341,7161,0,0,0,5.55999994277954,-34.5,-28.48999977
-1021,-5341,7161,0,0,0,5.55999994277954,-34.5,-28.48999977
-1021,-5341,7161,0,0,0,5.55999994277954,-34.5,-28.48999977
-1021,-5341,7161,0,0,0,5.55999994277954,-34.5,-28.48999977
-1021,-5341,7161,0,0,0,5.55999994277954,-34.5,-28.48999977
-1021,-5341,7161,0,0,0,5.55999994277954,-34.5,-28.48999977
-699,-4519,7895,0,0,0,5.55999994277954,-34.5,-28.48999977
-699,-4519,7895,0,0,0,5.55999994277954,-34.5,-28.48999977
-699,-4519,7895,0,0,0,5.55999994277954,-34.5,-28.48999977
-699,-4519,7895,0,0,0,5.55999994277954,-34.5,-28.48999977
-699,-4519,7895,0,0,0,5.55999994277954,-34.5,-28.48999977
-699,-4519,7895,0,0,0,5.55999994277954,-34.5,-28.48999977
-699,-4519,7895,0,0,0,5.55999994277954,-34.5,-28.48999977
-699,-4519,7895,0,0,0,5.55999994277954,-34.5,-28.48999977
-497,-4269,8026,0,0,0,5.55999994277954,-34.5,-28.48999977
-497,-4269,8026,0,0,0,5.55999994277954,-34.5,-28.48999977
-497,-4269,8026,0,0,0,5.55999994277954,-34.5,-28.48999977
-497,-4269,8026,0,0,0,5.55999994277954,-34.5,-28.48999977
-497,-4269,8026,0,0,0,5.55999994277954,-34.5,-28.48999977
-497,-4269,8026,0,0,0,5.55999994277954,-34.5,-28.48999977
-497,-4269,8026,0,0,0,5.55999994277954,-34.5,-28.48999977
-499,-4038,8004,0,0,0,5.55999994277954,-34.5,-28.48999977
-499,-4038,8004,0,0,0,5.55999994277954,-34.5,-28.48999977
-499,-4038,8004,0,0,0,5.55999994277954,-34.5,-28.48999977
-499,-4038,8004,0,0,0,5.55999994277954,-34.5,-28.48999977
-499,-4038,8004,0,0,0,5.55999994277954,-34.5,-28.48999977
-499,-4038,8004,0,0,0,5.55999994277954,-34.5,-28.48999977
-499,-4038,8004,0,0,0,5.55999994277954,-34.5,-28.48999977
-499,-4038,8004,0,0,0,5.55999994277954,-34.5,-28.48999977
-499,-4038,8004,0,0,0,4.17000007629395,-25.51000023,-30.98999977
-499,-4038,8004,0,0,0,4.17000007629395,-25.51000023,-30.98999977
-768,-4698,7946,0,0,0,4.17000007629395,-25.51000023,-30.98999977
-768,-4698,7946,0,0,0,4.17000007629395,-25.51000023,-30.98999977
-768,-4698,7946,0,0,0,4.17000007629395,-25.51000023,-30.98999977
-768,-4698,7946,0,0,0,4.17000007629395,-25.51000023,-30.98999977
-768,-4698,7946,0,0,0,4.17000007629395,-25.51000023,-30.98999977
-768,-4698,7946,0,0,0,4.17000007629395,-25.51000023,-30.98999977
-333,-3780,8140,0,0,0,4.17000007629395,-25.51000023,-30.98999977
-333,-3780,8140,0,0,0,4.17000007629395,-25.51000023,-30.98999977
-333,-3780,8140,0,0,0,4.17000007629395,-25.51000023,-30.98999977
-333,-3780,8140,0,0,0,4.17000007629395,-25.51000023,-30.98999977
-333,-3780,8140,0,0,0,4.17000007629395,-25.51000023,-30.98999977
-333,-3780,8140,0,0,0,4.17000007629395,-25.51000023,-30.98999977
-333,-3780,8140,0,0,0,4.17000007629395,-25.51000023,-30.98999977
-333,-3780,8140,0,0,0,4.17000007629395,-25.51000023,-30.98999977
-221,-3127,8542,0,0,0,4.17000007629395,-25.51000023,-30.98999977
-221,-3127,8542,0,0,0,4.17000007629395,-25.51000023,-30.98999977
-221,-3127,8542,0,0,0,4.17000007629395,-25.51000023,-30.98999977
-221,-3127,8542,0,0,0,4.17000007629395,-25.51000023,-30.98999977
-221,-3127,8542,0,0,0,4.17000007629395,-25.51000023,-30.98999977
-221,-3127,8542,0,0,0,4.17000007629395,-25.51000023,-30.98999977
-221,-3127,8542,0,0,0,4.17000007629395,-25.51000023,-30.98999977
-221,-3127,8542,0,0,0,4.17000007629395,-25.51000023,-30.98999977
-341,-3316,8097,0,0,0,4.17000007629395,-25.51000023,-30.98999977
-341,-3316,8097,0,0,0,4.17000007629395,-25.51000023,-30.98999977
-341,-3316,8097,0,0,0,4.17000007629395,-25.51000023,-30.98999977
-341,-3316,8097,0,0,0,4.17000007629395,-25.51000023,-30.98999977
-341,-3316,8097,0,0,0,4.17000007629395,-25.51000023,-30.98999977
-341,-3316,8097,0,0,0,4.17000007629395,-25.51000023,-30.98999977
-341,-3316,8097,0,0,0,4.17000007629395,-25.51000023,-30.98999977
-412,-4244,7465,0,0,0,4.17000007629395,-25.51000023,-30.98999977
-412,-4244,7465,0,0,0,4.17000007629395,-25.51000023,-30.98999977
-412,-4244,7465,0,0,0,4.17000007629395,-25.51000023,-30.98999977
-412,-4244,7465,0,0,0,4.17000007629395,-25.51000023,-30.98999977
-412,-4244,7465,0,0,0,4.17000007629395,-25.51000023,-30.98999977
-412,-4244,7465,0,0,0,4.17000007629395,-25.51000023,-30.98999977
-412,-4244,7465,0,0,0,4.17000007629395,-25.51000023,-30.98999977
-412,-4244,7465,0,0,0,4.17000007629395,-25.51000023,-30.98999977
-176,-3759,7989,0,0,0,4.17000007629395,-25.51000023,-30.98999977
-176,-3759,7989,0,0,0,4.17000007629395,-25.51000023,-30.98999977
-176,-3759,7989,0,0,0,4.17000007629395,-25.51000023,-30.98999977
-176,-3759,7989,0,0,0,4.17000007629395,-25.51000023,-30.98999977
-176,-3759,7989,0,0,0,4.17000007629395,-25.51000023,-30.98999977
-176,-3759,7989,0,0,0,4.17000007629395,-25.51000023,-30.98999977
-176,-3759,7989,0,0,0,4.17000007629395,-25.51000023,-30.98999977
-176,-3759,7989,0,0,0,4.17000007629395,-25.51000023,-30.98999977
-133,-3199,8234,0,0,0,4.17000007629395,-25.51000023,-30.98999977
-133,-3199,8234,0,0,0,4.17000007629395,-25.51000023,-30.98999977
-133,-3199,8234,0,0,0,4.17000007629395,-25.51000023,-30.98999977
-133,-3199,8234,0,0,0,4.17000007629395,-25.51000023,-30.98999977
-133,-3199,8234,0,0,0,4.17000007629395,-25.51000023,-30.98999977
-133,-3199,8234,0,0,0,4.17000007629395,-25.51000023,-30.98999977
-133,-3199,8234,0,0,0,4.17000007629395,-25.51000023,-30.98999977
-112,-3613,7903,0,0,0,4.17000007629395,-25.51000023,-30.98999977
-112,-3613,7903,0,0,0,4.17000007629395,-25.51000023,-30.98999977
-112,-3613,7903,0,0,0,4.17000007629395,-25.51000023,-30.98999977
-112,-3613,7903,0,0,0,4.17000007629395,-25.51000023,-30.98999977
-112,-3613,7903,0,0,0,4.17000007629395,-25.51000023,-30.98999977
-112,-3613,7903,0,0,0,4.17000007629395,-25.51000023,-30.98999977
-112,-3613,7903,0,0,0,4.17000007629395,-25.51000023,-30.98999977
-112,-3613,7903,0,0,0,4.17000007629395,-25.51000023,-30.98999977
-580,-3936,7015,0,0,0,4.17000007629395,-25.51000023,-30.98999977
-580,-3936,7015,0,0,0,4.17000007629395,-25.51000023,-30.98999977
-580,-3936,7015,0,0,0,4.17000007629395,-25.51000023,-30.98999977
-580,-3936,7015,0,0,0,4.17000007629395,-25.51000023,-30.98999977
-580,-3936,7015,0,0,0,4.17000007629395,-25.51000023,-30.98999977
-580,-3936,7015,0,0,0,4.17000007629395,-25.51000023,-30.98999977
-580,-3936,7015,0,0,0,4.17000007629395,-25.51000023,-30.98999977
-398,-3402,7023,0,0,0,4.17000007629395,-25.51000023,-30.98999977
-398,-3402,7023,0,0,0,4.17000007629395,-25.51000023,-30.98999977
-398,-3402,7023,0,0,0,4.17000007629395,-25.51000023,-30.98999977
-398,-3402,7023,0,0,0,4.17000007629395,-25.51000023,-30.98999977
-398,-3402,7023,0,0,0,4.17000007629395,-25.51000023,-30.98999977
-398,-3402,7023,0,0,0,4.17000007629395,-25.51000023,-30.98999977
-398,-3402,7023,0,0,0,4.17000007629395,-25.51000023,-30.98999977
-398,-3402,7023,0,0,0,4.17000007629395,-25.51000023,-30.98999977
-344,-3035,7270,0,0,0,4.17000007629395,-25.51000023,-30.98999977
-344,-3035,7270,0,0,0,4.17000007629395,-25.51000023,-30.98999977
-344,-3035,7270,0,0,0,4.17000007629395,-25.51000023,-30.98999977
-344,-3035,7270,0,0,0,4.17000007629395,-25.51000023,-30.98999977
-344,-3035,7270,0,0,0,4.17000007629395,-25.51000023,-30.98999977
-344,-3035,7270,0,0,0,4.17000007629395,-25.51000023,-30.98999977
-344,-3035,7270,0,0,0,4.17000007629395,-25.51000023,-30.98999977
-344,-3035,7270,0,0,0,4.17000007629395,-25.51000023,-30.98999977
-344,-3035,7270,0,0,0,3.40000009536743,-25.55999947,-33.09000015
-344,-3035,7270,0,0,0,3.40000009536743,-25.55999947,-33.09000015
-415,-3231,7415,0,0,0,3.40000009536743,-25.55999947,-33.09000015
-415,-3231,7415,0,0,0,3.40000009536743,-25.55999947,-33.09000015
-415,-3231,7415,0,0,0,3.40000009536743,-25.55999947,-33.09000015
-415,-3231,7415,0,0,0,3.40000009536743,-25.55999947,-33.09000015
-415,-3231,7415,0,0,0,3.40000009536743,-25.55999947,-33.09000015
-415,-3231,7415,0,0,0,3.40000009536743,-25.55999947,-33.09000015
-714,-3144,7037,0,0,0,3.40000009536743,-25.55999947,-33.09000015
-714,-3144,7037,0,0,0,3.40000009536743,-25.55999947,-33.09000015
-714,-3144,7037,0,0,0,3.40000009536743,-25.55999947,-33.09000015
-714,-3144,7037,0,0,0,3.40000009536743,-25.55999947,-33.09000015
-714,-3144,7037,0,0,0,3.40000009536743,-25.55999947,-33.09000015
-714,-3144,7037,0,0,0,3.40000009536743,-25.55999947,-33.09000015
-714,-3144,7037,0,0,0,3.40000009536743,-25.55999947,-33.09000015
-714,-3144,7037,0,0,0,3.40000009536743,-25.55999947,-33.09000015
-367,-2623,7646,0,0,0,3.40000009536743,-25.55999947,-33.09000015
-367,-2623,7646,0,0,0,3.40000009536743,-25.55999947,-33.09000015
-367,-2623,7646,0,0,0,3.40000009536743,-25.55999947,-33.09000015
-367,-2623,7646,0,0,0,3.40000009536743,-25.55999947,-33.09000015
-367,-2623,7646,0,0,0,3.40000009536743,-25.55999947,-33.09000015
-367,-2623,7646,0,0,0,3.40000009536743,-25.55999947,-33.09000015
-367,-2623,7646,0,0,0,3.40000009536743,-25.55999947,-33.09000015
-126,-2585,7972,0,0,0,3.40000009536743,-25.55999947,-33.09000015
-126,-2585,7972,0,0,0,3.40000009536743,-25.55999947,-33.09000015
-126,-2585,7972,0,0,0,3.40000009536743,-25.55999947,-33.09000015
-126,-2585,7972,0,0,0,3.40000009536743,-25.55999947,-33.09000015
-126,-2585,7972,0,0,0,3.40000009536743,-25.55999947,-33.09000015
-126,-2585,7972,0,0,0,3.40000009536743,-25.55999947,-33.09000015
-126,-2585,7972,0,0,0,3.40000009536743,-25.55999947,-33.09000015
-126,-2585,7972,0,0,0,3.40000009536743,-25.55999947,-33.09000015
-191,-3249,7983,0,0,0,3.40000009536743,-25.55999947,-33.09000015
-191,-3249,7983,0,0,0,3.40000009536743,-25.55999947,-33.09000015
-191,-3249,7983,0,0,0,3.40000009536743,-25.55999947,-33.09000015
-191,-3249,7983,0,0,0,3.40000009536743,-25.55999947,-33.09000015
-191,-3249,7983,0,0,0,3.40000009536743,-25.55999947,-33.09000015
-191,-3249,7983,0,0,0,3.40000009536743,-25.55999947,-33.09000015
-191,-3249,7983,0,0,0,3.40000009536743,-25.55999947,-33.09000015
-535,-4169,7579,0,0,0,3.40000009536743,-25.55999947,-33.09000015
-535,-4169,7579,0,0,0,3.40000009536743,-25.55999947,-33.09000015
-535,-4169,7579,0,0,0,3.40000009536743,-25.55999947,-33.09000015
-535,-4169,7579,0,0,0,3.40000009536743,-25.55999947,-33.09000015
-535,-4169,7579,0,0,0,3.40000009536743,-25.55999947,-33.09000015
-535,-4169,7579,0,0,0,3.40000009536743,-25.55999947,-33.09000015
-535,-4169,7579,0,0,0,3.40000009536743,-25.55999947,-33.09000015
-535,-4169,7579,0,0,0,3.40000009536743,-25.55999947,-33.09000015
-362,-3903,7986,0,0,0,3.40000009536743,-25.55999947,-33.09000015
-362,-3903,7986,0,0,0,3.40000009536743,-25.55999947,-33.09000015
-362,-3903,7986,0,0,0,3.40000009536743,-25.55999947,-33.09000015
-362,-3903,7986,0,0,0,3.40000009536743,-25.55999947,-33.09000015
-362,-3903,7986,0,0,0,3.40000009536743,-25.55999947,-33.09000015
-362,-3903,7986,0,0,0,3.40000009536743,-25.55999947,-33.09000015
-362,-3903,7986,0,0,0,3.40000009536743,-25.55999947,-33.09000015
-278,-3334,7906,0,0,0,3.40000009536743,-25.55999947,-33.09000015
-278,-3334,7906,0,0,0,3.40000009536743,-25.55999947,-33.09000015
-278,-3334,7906,0,0,0,3.40000009536743,-25.55999947,-33.09000015
-278,-3334,7906,0,0,0,3.40000009536743,-25.55999947,-33.09000015
-278,-3334,7906,0,0,0,3.40000009536743,-25.55999947,-33.09000015
-278,-3334,7906,0,0,0,3.40000009536743,-25.55999947,-33.09000015
-278,-3334,7906,0,0,0,3.40000009536743,-25.55999947,-33.09000015
-278,-3334,7906,0,0,0,3.40000009536743,-25.55999947,-33.09000015
-128,-3524,7804,0,0,0,3.40000009536743,-25.55999947,-33.09000015
-128,-3524,7804,0,0,0,3.40000009536743,-25.55999947,-33.09000015
-128,-3524,7804,0,0,0,3.40000009536743,-25.55999947,-33.09000015
-128,-3524,7804,0,0,0,3.40000009536743,-25.55999947,-33.09000015
-128,-3524,7804,0,0,0,3.40000009536743,-25.55999947,-33.09000015
-128,-3524,7804,0,0,0,3.40000009536743,-25.55999947,-33.09000015
-128,-3524,7804,0,0,0,3.40000009536743,-25.55999947,-33.09000015
-128,-3524,7804,0,0,0,3.40000009536743,-25.55999947,-33.09000015
-496,-4231,7904,0,0,0,3.40000009536743,-25.55999947,-33.09000015
-496,-4231,7904,0,0,0,3.40000009536743,-25.55999947,-33.09000015
-496,-4231,7904,0,0,0,3.40000009536743,-25.55999947,-33.09000015
-496,-4231,7904,0,0,0,3.40000009536743,-25.55999947,-33.09000015
-496,-4231,7904,0,0,0,3.40000009536743,-25.55999947,-33.09000015
-496,-4231,7904,0,0,0,3.40000009536743,-25.55999947,-33.09000015
-496,-4231,7904,0,0,0,3.40000009536743,-25.55999947,-33.09000015
-496,-4231,7904,0,0,0,3.40000009536743,-25.55999947,-33.09000015
-174,-3915,8493,0,0,0,3.40000009536743,-25.55999947,-33.09000015
-174,-3915,8493,0,0,0,3.40000009536743,-25.55999947,-33.09000015
-174,-3915,8493,0,0,0,3.40000009536743,-25.55999947,-33.09000015
-174,-3915,8493,0,0,0,3.40000009536743,-25.55999947,-33.09000015
-174,-3915,8493,0,0,0,3.40000009536743,-25.55999947,-33.09000015
-174,-3915,8493,0,0,0,3.40000009536743,-25.55999947,-33.09000015
-174,-3915,8493,0,0,0,3.40000009536743,-25.55999947,-33.09000015
-174,-3915,8493,0,0,0,2.9300000667572,-24.80999947,-34.95999908
-174,-3915,8493,0,0,0,2.9300000667572,-24.80999947,-34.95999908
16,-3495,8569,0,0,0,2.9300000667572,-24.80999947,-34.95999908
16,-3495,8569,0,0,0,2.9300000667572,-24.80999947,-34.95999908
16,-3495,8569,0,0,0,2.9300000667572,-24.80999947,-34.95999908
16,-3495,8569,0,0,0,2.9300000667572,-24.80999947,-34.95999908
16,-3495,8569,0,0,0,2.9300000667572,-24.80999947,-34.95999908
16,-3495,8569,0,0,0,2.9300000667572,-24.80999947,-34.95999908
40,-3635,8273,0,0,0,2.9300000667572,-24.80999947,-34.95999908
40,-3635,8273,0,0,0,2.9300000667572,-24.80999947,-34.95999908
40,-3635,8273,0,0,0,2.9300000667572,-24.80999947,-34.95999908
40,-3635,8273,0,0,0,2.9300000667572,-24.80999947,-34.95999908
40,-3635,8273,0,0,0,2.9300000667572,-24.80999947,-34.95999908
40,-3635,8273,0,0,0,2.9300000667572,-24.80999947,-34.95999908
40,-3635,8273,0,0,0,2.9300000667572,-24.80999947,-34.95999908
-324,-4177,7807,0,0,0,2.9300000667572,-24.80999947,-34.95999908
-324,-4177,7807,0,0,0,2.9300000667572,-24.80999947,-34.95999908
-324,-4177,7807,0,0,0,2.9300000667572,-24.80999947,-34.95999908
-324,-4177,7807,0,0,0,2.9300000667572,-24.80999947,-34.95999908
-324,-4177,7807,0,0,0,2.9300000667572,-24.80999947,-34.95999908
-324,-4177,7807,0,0,0,2.9300000667572,-24.80999947,-34.95999908
-324,-4177,7807,0,0,0,2.9300000667572,-24.80999947,-34.95999908
-324,-4177,7807,0,0,0,2.9300000667572,-24.80999947,-34.95999908
-213,-3450,8267,0,0,0,2.9300000667572,-24.80999947,-34.95999908
-213,-3450,8267,0,0,0,2.9300000667572,-24.80999947,-34.95999908
-213,-3450,8267,0,0,0,2.9300000667572,-24.80999947,-34.95999908
-213,-3450,8267,0,0,0,2.9300000667572,-24.80999947,-34.95999908
-213,-3450,8267,0,0,0,2.9300000667572,-24.80999947,-34.95999908
-213,-3450,8267,0,0,0,2.9300000667572,-24.80999947,-34.95999908
-213,-3450,8267,0,0,0,2.9300000667572,-24.80999947,-34.95999908
-213,-3450,8267,0,0,0,2.9300000667572,-24.80999947,-34.95999908
-10,-3678,8198,0,0,0,2.9300000667572,-24.80999947,-34.95999908
-10,-3678,8198,0,0,0,2.9300000667572,-24.80999947,-34.95999908
-10,-3678,8198,0,0,0,2.9300000667572,-24.80999947,-34.95999908
-10,-3678,8198,0,0,0,2.9300000667572,-24.80999947,-34.95999908
-10,-3678,8198,0,0,0,2.9300000667572,-24.80999947,-34.95999908
-10,-3678,8198,0,0,0,2.9300000667572,-24.80999947,-34.95999908
-10,-3678,8198,0,0,0,2.9300000667572,-24.80999947,-34.95999908
-14,-4044,7673,0,0,0,2.9300000667572,-24.80999947,-34.95999908
-14,-4044,7673,0,0,0,2.9300000667572,-24.80999947,-34.95999908
-14,-4044,7673,0,0,0,2.9300000667572,-24.80999947,-34.95999908
-14,-4044,7673,0,0,0,2.9300000667572,-24.80999947,-34.95999908
-14,-4044,7673,0,0,0,2.9300000667572,-24.80999947,-34.95999908
-14,-4044,7673,0,0,0,2.9300000667572,-24.80999947,-34.95999908
-14,-4044,7673,0,0,0,2.9300000667572,-24.80999947,-34.95999908
-14,-4044,7673,0,0,0,2.9300000667572,-24.80999947,-34.95999908
-358,-4387,7352,0,0,0,2.9300000667572,-24.80999947,-34.95999908
-358,-4387,7352,0,0,0,2.9300000667572,-24.80999947,-34.95999908
-358,-4387,7352,0,0,0,2.9300000667572,-24.80999947,-34.95999908
-358,-4387,7352,0,0,0,2.9300000667572,-24.80999947,-34.95999908
-358,-4387,7352,0,0,0,2.9300000667572,-24.80999947,-34.95999908
-358,-4387,7352,0,0,0,2.9300000667572,-24.80999947,-34.95999908
-358,-4387,7352,0,0,0,2.9300000667572,-24.80999947,-34.95999908
-358,-4387,7352,0,0,0,2.9300000667572,-24.80999947,-34.95999908
-158,-3949,8038,0,0,0,2.9300000667572,-24.80999947,-34.95999908
-158,-3949,8038,0,0,0,2.9300000667572,-24.80999947,-34.95999908
-158,-3949,8038,0,0,0,2.9300000667572,-24.80999947,-34.95999908
-158,-3949,8038,0,0,0,2.9300000667572,-24.80999947,-34.95999908
-158,-3949,8038,0,0,0,2.9300000667572,-24.80999947,-34.95999908
-158,-3949,8038,0,0,0,2.9300000667572,-24.80999947,-34.95999908
-158,-3949,8038,0,0,0,2.9300000667572,-24.80999947,-34.95999908
-158,-3949,8038,0,0,0,2.9300000667572,-24.80999947,-34.95999908
-45,-3809,8427,0,0,0,2.9300000667572,-24.80999947,-34.95999908
-45,-3809,8427,0,0,0,2.9300000667572,-24.80999947,-34.95999908
-45,-3809,8427,0,0,0,2.9300000667572,-24.80999947,-34.95999908
-45,-3809,8427,0,0,0,2.9300000667572,-24.80999947,-34.95999908
-45,-3809,8427,0,0,0,2.9300000667572,-24.80999947,-34.95999908
-45,-3809,8427,0,0,0,2.9300000667572,-24.80999947,-34.95999908
-45,-3809,8427,0,0,0,2.9300000667572,-24.80999947,-34.95999908
-64,-3797,8157,0,0,0,2.9300000667572,-24.80999947,-34.95999908
-64,-3797,8157,0,0,0,2.9300000667572,-24.80999947,-34.95999908
-64,-3797,8157,0,0,0,2.9300000667572,-24.80999947,-34.95999908
-64,-3797,8157,0,0,0,2.9300000667572,-24.80999947,-34.95999908
-64,-3797,8157,0,0,0,2.9300000667572,-24.80999947,-34.95999908
-64,-3797,8157,0,0,0,2.9300000667572,-24.80999947,-34.95999908
-64,-3797,8157,0,0,0,2.9300000667572,-24.80999947,-34.95999908
-64,-3797,8157,0,0,0,2.9300000667572,-24.80999947,-34.95999908
-504,-3903,7571,0,0,0,2.9300000667572,-24.80999947,-34.95999908
-504,-3903,7571,0,0,0,2.9300000667572,-24.80999947,-34.95999908
-504,-3903,7571,0,0,0,2.9300000667572,-24.80999947,-34.95999908
-504,-3903,7571,0,0,0,2.9300000667572,-24.80999947,-34.95999908
-504,-3903,7571,0,0,0,2.9300000667572,-24.80999947,-34.95999908
-504,-3903,7571,0,0,0,2.9300000667572,-24.80999947,-34.95999908
-504,-3903,7571,0,0,0,2.9300000667572,-24.80999947,-34.95999908
-504,-3903,7571,0,0,0,2.20000004768372,-24.68000031,-36.97000122
-504,-3903,7571,0,0,0,2.20000004768372,-24.68000031,-36.97000122
-331,-3650,7848,0,0,0,2.20000004768372,-24.68000031,-36.97000122
-331,-3650,7848,0,0,0,2.20000004768372,-24.68000031,-36.97000122
-331,-3650,7848,0,0,0,2.20000004768372,-24.68000031,-36.97000122
-331,-3650,7848,0,0,0,2.20000004768372,-24.68000031,-36.97000122
-331,-3650,7848,0,0,0,2.20000004768372,-24.68000031,-36.97000122
-331,-3650,7848,0,0,0,2.20000004768372,-24.68000031,-36.97000122
-178,-3695,8331,0,0,0,2.20000004768372,-24.68000031,-36.97000122
-178,-3695,8331,0,0,0,2.20000004768372,-24.68000031,-36.97000122
-178,-3695,8331,0,0,0,2.20000004768372,-24.68000031,-36.97000122
-178,-3695,8331,0,0,0,2.20000004768372,-24.68000031,-36.97000122
-178,-3695,8331,0,0,0,2.20000004768372,-24.68000031,-36.97000122
-178,-3695,8331,0,0,0,2.20000004768372,-24.68000031,-36.97000122
-178,-3695,8331,0,0,0,2.20000004768372,-24.68000031,-36.97000122
-178,-3695,8331,0,0,0,2.20000004768372,-24.68000031,-36.97000122
-81,-3679,7987,0,0,0,2.20000004768372,-24.68000031,-36.97000122
-81,-3679,7987,0,0,0,2.20000004768372,-24.68000031,-36.97000122
-81,-3679,7987,0,0,0,2.20000004768372,-24.68000031,-36.97000122
-81,-3679,7987,0,0,0,2.20000004768372,-24.68000031,-36.97000122
-81,-3679,7987,0,0,0,2.20000004768372,-24.68000031,-36.97000122
-81,-3679,7987,0,0,0,2.20000004768372,-24.68000031,-36.97000122
-81,-3679,7987,0,0,0,2.20000004768372,-24.68000031,-36.97000122
-411,-4151,7299,0,0,0,2.20000004768372,-24.68000031,-36.97000122
-411,-4151,7299,0,0,0,2.20000004768372,-24.68000031,-36.97000122
-411,-4151,7299,0,0,0,2.20000004768372,-24.68000031,-36.97000122
-411,-4151,7299,0,0,0,2.20000004768372,-24.68000031,-36.97000122
-411,-4151,7299,0,0,0,2.20000004768372,-24.68000031,-36.97000122
-411,-4151,7299,0,0,0,2.20000004768372,-24.68000031,-36.97000122
-411,-4151,7299,0,0,0,2.20000004768372,-24.68000031,-36.97000122
-411,-4151,7299,0,0,0,2.20000004768372,-24.68000031,-36.97000122
-333,-3552,7715,0,0,0,2.20000004768372,-24.68000031,-36.97000122
-333,-3552,7715,0,0,0,2.20000004768372,-24.68000031,-36.97000122
-333,-3552,7715,0,0,0,2.20000004768372,-24.68000031,-36.97000122
-333,-3552,7715,0,0,0,2.20000004768372,-24.68000031,-36.97000122
-333,-3552,7715,0,0,0,2.20000004768372,-24.68000031,-36.97000122
-333,-3552,7715,0,0,0,2.20000004768372,-24.68000031,-36.97000122
-333,-3552,7715,0,0,0,2.20000004768372,-24.68000031,-36.97000122
-333,-3552,7715,0,0,0,2.20000004768372,-24.68000031,-36.97000122
-236,-3461,8199,0,0,0,2.20000004768372,-24.68000031,-36.97000122
-236,-3461,8199,0,0,0,2.20000004768372,-24.68000031,-36.97000122
-236,-3461,8199,0,0,0,2.20000004768372,-24.68000031,-36.97000122
-236,-3461,8199,0,0,0,2.20000004768372,-24.68000031,-36.97000122
-236,-3461,8199,0,0,0,2.20000004768372,-24.68000031,-36.97000122
-236,-3461,8199,0,0,0,2.20000004768372,-24.68000031,-36.97000122
-236,-3461,8199,0,0,0,2.20000004768372,-24.68000031,-36.97000122
-236,-3461,8199,0,0,0,2.20000004768372,-24.68000031,-36.97000122
-226,-3385,7812,0,0,0,2.20000004768372,-24.68000031,-36.97000122
-226,-3385,7812,0,0,0,2.20000004768372,-24.68000031,-36.97000122
-226,-3385,7812,0,0,0,2.20000004768372,-24.68000031,-36.97000122
-226,-3385,7812,0,0,0,2.20000004768372,-24.68000031,-36.97000122
-226,-3385,7812,0,0,0,2.20000004768372,-24.68000031,-36.97000122
-226,-3385,7812,0,0,0,2.20000004768372,-24.68000031,-36.97000122
-226,-3385,7812,0,0,0,2.20000004768372,-24.68000031,-36.97000122
-576,-3759,7720,0,0,0,2.20000004768372,-24.68000031,-36.97000122
-576,-3759,7720,0,0,0,2.20000004768372,-24.68000031,-36.97000122
-576,-3759,7720,0,0,0,2.20000004768372,-24.68000031,-36.97000122
-576,-3759,7720,0,0,0,2.20000004768372,-24.68000031,-36.97000122
-576,-3759,7720,0,0,0,2.20000004768372,-24.68000031,-36.97000122
-576,-3759,7720,0,0,0,2.20000004768372,-24.68000031,-36.97000122
-576,-3759,7720,0,0,0,2.20000004768372,-24.68000031,-36.97000122
-576,-3759,7720,0,0,0,2.20000004768372,-24.68000031,-36.97000122
-394,-3457,8400,0,0,0,2.20000004768372,-24.68000031,-36.97000122
-394,-3457,8400,0,0,0,2.20000004768372,-24.68000031,-36.97000122
-394,-3457,8400,0,0,0,2.20000004768372,-24.68000031,-36.97000122
-394,-3457,8400,0,0,0,2.20000004768372,-24.68000031,-36.97000122
-394,-3457,8400,0,0,0,2.20000004768372,-24.68000031,-36.97000122
-394,-3457,8400,0,0,0,2.20000004768372,-24.68000031,-36.97000122
-394,-3457,8400,0,0,0,2.20000004768372,-24.68000031,-36.97000122
-394,-3457,8400,0,0,0,2.20000004768372,-24.68000031,-36.97000122
-449,-3328,8669,0,0,0,2.20000004768372,-24.68000031,-36.97000122
-449,-3328,8669,0,0,0,2.20000004768372,-24.68000031,-36.97000122
-449,-3328,8669,0,0,0,2.20000004768372,-24.68000031,-36.97000122
-449,-3328,8669,0,0,0,2.20000004768372,-24.68000031,-36.97000122
-449,-3328,8669,0,0,0,2.20000004768372,-24.68000031,-36.97000122
-449,-3328,8669,0,0,0,2.20000004768372,-24.68000031,-36.97000122
-449,-3328,8669,0,0,0,2.20000004768372,-24.68000031,-36.97000122
-445,-3605,8505,0,0,0,2.20000004768372,-24.68000031,-36.97000122
-445,-3605,8505,0,0,0,2.20000004768372,-24.68000031,-36.97000122
-445,-3605,8505,0,0,0,2.20000004768372,-24.68000031,-36.97000122
-445,-3605,8505,0,0,0,2.20000004768372,-24.68000031,-36.97000122
-445,-3605,8505,0,0,0,2.20000004768372,-24.68000031,-36.97000122
-445,-3605,8505,0,0,0,2.20000004768372,-24.68000031,-36.97000122
-445,-3605,8505,0,0,0,2.20000004768372,-24.68000031,-36.97000122
-445,-3605,8505,0,0,0,2.20000004768372,-24.68000031,-36.97000122
-445,-3605,8505,0,0,0,1.9099999666214,-24.20000076,-38.88000107
-583,-4932,7182,0,0,0,1.9099999666214,-24.20000076,-38.88000107
-583,-4932,7182,0,0,0,1.9099999666214,-24.20000076,-38.88000107
-583,-4932,7182,0,0,0,1.9099999666214,-24.20000076,-38.88000107
-583,-4932,7182,0,0,0,1.9099999666214,-24.20000076,-38.88000107
-583,-4932,7182,0,0,0,1.9099999666214,-24.20000076,-38.88000107
-583,-4932,7182,0,0,0,1.9099999666214,-24.20000076,-38.88000107
-321,-4138,7783,0,0,0,1.9099999666214,-24.20000076,-38.88000107
-321,-4138,7783,0,0,0,1.9099999666214,-24.20000076,-38.88000107
-321,-4138,7783,0,0,0,1.9099999666214,-24.20000076,-38.88000107
-321,-4138,7783,0,0,0,1.9099999666214,-24.20000076,-38.88000107
-321,-4138,7783,0,0,0,1.9099999666214,-24.20000076,-38.88000107
-321,-4138,7783,0,0,0,1.9099999666214,-24.20000076,-38.88000107
-321,-4138,7783,0,0,0,1.9099999666214,-24.20000076,-38.88000107
-321,-4138,7783,0,0,0,1.9099999666214,-24.20000076,-38.88000107
-104,-3593,7835,0,0,0,1.9099999666214,-24.20000076,-38.88000107
-104,-3593,7835,0,0,0,1.9099999666214,-24.20000076,-38.88000107
-104,-3593,7835,0,0,0,1.9099999666214,-24.20000076,-38.88000107
-104,-3593,7835,0,0,0,1.9099999666214,-24.20000076,-38.88000107
-104,-3593,7835,0,0,0,1.9099999666214,-24.20000076,-38.88000107
-104,-3593,7835,0,0,0,1.9099999666214,-24.20000076,-38.88000107
-104,-3593,7835,0,0,0,1.9099999666214,-24.20000076,-38.88000107
-104,-3593,7835,0,0,0,1.9099999666214,-24.20000076,-38.88000107
-248,-3738,8275,0,0,0,1.9099999666214,-24.20000076,-38.88000107
-248,-3738,8275,0,0,0,1.9099999666214,-24.20000076,-38.88000107
-248,-3738,8275,0,0,0,1.9099999666214,-24.20000076,-38.88000107
-248,-3738,8275,0,0,0,1.9099999666214,-24.20000076,-38.88000107
-248,-3738,8275,0,0,0,1.9099999666214,-24.20000076,-38.88000107
-248,-3738,8275,0,0,0,1.9099999666214,-24.20000076,-38.88000107
-248,-3738,8275,0,0,0,1.9099999666214,-24.20000076,-38.88000107
-342,-4373,7989,0,0,0,1.9099999666214,-24.20000076,-38.88000107
-342,-4373,7989,0,0,0,1.9099999666214,-24.20000076,-38.88000107
-342,-4373,7989,0,0,0,1.9099999666214,-24.20000076,-38.88000107
-342,-4373,7989,0,0,0,1.9099999666214,-24.20000076,-38.88000107
-342,-4373,7989,0,0,0,1.9099999666214,-24.20000076,-38.88000107
-342,-4373,7989,0,0,0,1.9099999666214,-24.20000076,-38.88000107
-342,-4373,7989,0,0,0,1.9099999666214,-24.20000076,-38.88000107
-342,-4373,7989,0,0,0,1.9099999666214,-24.20000076,-38.88000107
-71,-3479,8144,0,0,0,1.9099999666214,-24.20000076,-38.88000107
-71,-3479,8144,0,0,0,1.9099999666214,-24.20000076,-38.88000107
-71,-3479,8144,0,0,0,1.9099999666214,-24.20000076,-38.88000107
-71,-3479,8144,0,0,0,1.9099999666214,-24.20000076,-38.88000107
-71,-3479,8144,0,0,0,1.9099999666214,-24.20000076,-38.88000107
-71,-3479,8144,0,0,0,1.9099999666214,-24.20000076,-38.88000107
-71,-3479,8144,0,0,0,1.9099999666214,-24.20000076,-38.88000107
-71,-3479,8144,0,0,0,1.9099999666214,-24.20000076,-38.88000107
21,-3184,8225,0,0,0,1.9099999666214,-24.20000076,-38.88000107
21,-3184,8225,0,0,0,1.9099999666214,-24.20000076,-38.88000107
21,-3184,8225,0,0,0,1.9099999666214,-24.20000076,-38.88000107
21,-3184,8225,0,0,0,1.9099999666214,-24.20000076,-38.88000107
21,-3184,8225,0,0,0,1.9099999666214,-24.20000076,-38.88000107
21,-3184,8225,0,0,0,1.9099999666214,-24.20000076,-38.88000107
21,-3184,8225,0,0,0,1.9099999666214,-24.20000076,-38.88000107
-257,-3695,7954,0,0,0,1.9099999666214,-24.20000076,-38.88000107
-257,-3695,7954,0,0,0,1.9099999666214,-24.20000076,-38.88000107
-257,-3695,7954,0,0,0,1.9099999666214,-24.20000076,-38.88000107
-257,-3695,7954,0,0,0,1.9099999666214,-24.20000076,-38.88000107
-257,-3695,7954,0,0,0,1.9099999666214,-24.20000076,-38.88000107
-257,-3695,7954,0,0,0,1.9099999666214,-24.20000076,-38.88000107
-257,-3695,7954,0,0,0,1.9099999666214,-24.20000076,-38.88000107
-257,-3695,7954,0,0,0,1.9099999666214,-24.20000076,-38.88000107
-523,-4101,7685,0,0,0,1.9099999666214,-24.20000076,-38.88000107
-523,-4101,7685,0,0,0,1.9099999666214,-24.20000076,-38.88000107
-523,-4101,7685,0,0,0,1.9099999666214,-24.20000076,-38.88000107
-523,-4101,7685,0,0,0,1.9099999666214,-24.20000076,-38.88000107
-523,-4101,7685,0,0,0,1.9099999666214,-24.20000076,-38.88000107
-523,-4101,7685,0,0,0,1.9099999666214,-24.20000076,-38.88000107
-523,-4101,7685,0,0,0,1.9099999666214,-24.20000076,-38.88000107
-523,-4101,7685,0,0,0,1.9099999666214,-24.20000076,-38.88000107
-477,-3427,8023,0,0,0,1.9099999666214,-24.20000076,-38.88000107
-477,-3427,8023,0,0,0,1.9099999666214,-24.20000076,-38.88000107
-477,-3427,8023,0,0,0,1.9099999666214,-24.20000076,-38.88000107
-477,-3427,8023,0,0,0,1.9099999666214,-24.20000076,-38.88000107
-477,-3427,8023,0,0,0,1.9099999666214,-24.20000076,-38.88000107
-477,-3427,8023,0,0,0,1.9099999666214,-24.20000076,-38.88000107
-477,-3427,8023,0,0,0,1.9099999666214,-24.20000076,-38.88000107
-447,-3118,8210,0,0,0,1.9099999666214,-24.20000076,-38.88000107
-447,-3118,8210,0,0,0,1.9099999666214,-24.20000076,-38.88000107
-447,-3118,8210,0,0,0,1.9099999666214,-24.20000076,-38.88000107
-447,-3118,8210,0,0,0,1.9099999666214,-24.20000076,-38.88000107
-447,-3118,8210,0,0,0,1.9099999666214,-24.20000076,-38.88000107
-447,-3118,8210,0,0,0,1.9099999666214,-24.20000076,-38.88000107
-447,-3118,8210,0,0,0,1.9099999666214,-24.20000076,-38.88000107
-447,-3118,8210,0,0,0,1.9099999666214,-24.20000076,-38.88000107
-447,-3118,8210,0,0,0,1.42999994754791,-24.37000084,-40.81999969
-447,-3118,8210,0,0,0,1.42999994754791,-24.37000084,-40.81999969
-374,-3558,8167,0,0,0,1.42999994754791,-24.37000084,-40.81999969
-374,-3558,8167,0,0,0,1.42999994754791,-24.37000084,-40.81999969
-374,-3558,8167,0,0,0,1.42999994754791,-24.37000084,-40.81999969
-374,-3558,8167,0,0,0,1.42999994754791,-24.37000084,-40.81999969
-374,-3558,8167,0,0,0,1.42999994754791,-24.37000084,-40.81999969
-374,-3558,8167,0,0,0,1.42999994754791,-24.37000084,-40.81999969
-685,-4187,7674,0,0,0,1.42999994754791,-24.37000084,-40.81999969
-685,-4187,7674,0,0,0,1.42999994754791,-24.37000084,-40.81999969
-685,-4187,7674,0,0,0,1.42999994754791,-24.37000084,-40.81999969
-685,-4187,7674,0,0,0,1.42999994754791,-24.37000084,-40.81999969
-685,-4187,7674,0,0,0,1.42999994754791,-24.37000084,-40.81999969
-685,-4187,7674,0,0,0,1.42999994754791,-24.37000084,-40.81999969
-685,-4187,7674,0,0,0,1.42999994754791,-24.37000084,-40.81999969
-685,-4187,7674,0,0,0,1.42999994754791,-24.37000084,-40.81999969
-432,-3753,8120,0,0,0,1.42999994754791,-24.37000084,-40.81999969
-432,-3753,8120,0,0,0,1.42999994754791,-24.37000084,-40.81999969
-432,-3753,8120,0,0,0,1.42999994754791,-24.37000084,-40.81999969
-432,-3753,8120,0,0,0,1.42999994754791,-24.37000084,-40.81999969
-432,-3753,8120,0,0,0,1.42999994754791,-24.37000084,-40.81999969
-432,-3753,8120,0,0,0,1.42999994754791,-24.37000084,-40.81999969
-432,-3753,8120,0,0,0,1.42999994754791,-24.37000084,-40.81999969
-432,-3753,8120,0,0,0,1.42999994754791,-24.37000084,-40.81999969
-208,-3405,8383,0,0,0,1.42999994754791,-24.37000084,-40.81999969
-208,-3405,8383,0,0,0,1.42999994754791,-24.37000084,-40.81999969
-208,-3405,8383,0,0,0,1.42999994754791,-24.37000084,-40.81999969
-208,-3405,8383,0,0,0,1.42999994754791,-24.37000084,-40.81999969
-208,-3405,8383,0,0,0,1.42999994754791,-24.37000084,-40.81999969
-208,-3405,8383,0,0,0,1.42999994754791,-24.37000084,-40.81999969
-208,-3405,8383,0,0,0,1.42999994754791,-24.37000084,-40.81999969
-306,-2841,8415,0,0,0,1.42999994754791,-24.37000084,-40.81999969
-306,-2841,8415,0,0,0,1.42999994754791,-24.37000084,-40.81999969
-306,-2841,8415,0,0,0,1.42999994754791,-24.37000084,-40.81999969
-306,-2841,8415,0,0,0,1.42999994754791,-24.37000084,-40.81999969
-306,-2841,8415,0,0,0,1.42999994754791,-24.37000084,-40.81999969
-306,-2841,8415,0,0,0,1.42999994754791,-24.37000084,-40.81999969
-306,-2841,8415,0,0,0,1.42999994754791,-24.37000084,-40.81999969
-306,-2841,8415,0,0,0,1.42999994754791,-24.37000084,-40.81999969
-476,-3489,8201,0,0,0,1.42999994754791,-24.37000084,-40.81999969
-476,-3489,8201,0,0,0,1.42999994754791,-24.37000084,-40.81999969
-476,-3489,8201,0,0,0,1.42999994754791,-24.37000084,-40.81999969
-476,-3489,8201,0,0,0,1.42999994754791,-24.37000084,-40.81999969
-476,-3489,8201,0,0,0,1.42999994754791,-24.37000084,-40.81999969
-476,-3489,8201,0,0,0,1.42999994754791,-24.37000084,-40.81999969
-476,-3489,8201,0,0,0,1.42999994754791,-24.37000084,-40.81999969
-476,-3489,8201,0,0,0,1.42999994754791,-24.37000084,-40.81999969
-295,-3030,8398,0,0,0,1.42999994754791,-24.37000084,-40.81999969
-295,-3030,8398,0,0,0,1.42999994754791,-24.37000084,-40.81999969
-295,-3030,8398,0,0,0,1.42999994754791,-24.37000084,-40.81999969
-295,-3030,8398,0,0,0,1.42999994754791,-24.37000084,-40.81999969
-295,-3030,8398,0,0,0,1.42999994754791,-24.37000084,-40.81999969
-295,-3030,8398,0,0,0,1.42999994754791,-24.37000084,-40.81999969
-295,-3030,8398,0,0,0,1.42999994754791,-24.37000084,-40.81999969
-369,-3168,8282,0,0,0,1.42999994754791,-24.37000084,-40.81999969
-369,-3168,8282,0,0,0,1.42999994754791,-24.37000084,-40.81999969
-369,-3168,8282,0,0,0,1.42999994754791,-24.37000084,-40.81999969
-369,-3168,8282,0,0,0,1.42999994754791,-24.37000084,-40.81999969
-369,-3168,8282,0,0,0,1.42999994754791,-24.37000084,-40.81999969
-369,-3168,8282,0,0,0,1.42999994754791,-24.37000084,-40.81999969
-369,-3168,8282,0,0,0,1.42999994754791,-24.37000084,-40.81999969
-369,-3168,8282,0,0,0,1.42999994754791,-24.37000084,-40.81999969
-691,-2775,8052,0,0,0,1.42999994754791,-24.37000084,-40.81999969
-691,-2775,8052,0,0,0,1.42999994754791,-24.37000084,-40.81999969
-691,-2775,8052,0,0,0,1.42999994754791,-24.37000084,-40.81999969
-691,-2775,8052,0,0,0,1.42999994754791,-24.37000084,-40.81999969
-691,-2775,8052,0,0,0,1.42999994754791,-24.37000084,-40.81999969
-691,-2775,8052,0,0,0,1.42999994754791,-24.37000084,-40.81999969
-691,-2775,8052,0,0,0,1.42999994754791,-24.37000084,-40.81999969
-1068,-3443,7777,0,0,0,1.42999994754791,-24.37000084,-40.81999969
-1068,-3443,7777,0,0,0,1.42999994754791,-24.37000084,-40.81999969
-1068,-3443,7777,0,0,0,1.42999994754791,-24.37000084,-40.81999969
-1068,-3443,7777,0,0,0,1.42999994754791,-24.37000084,-40.81999969
-1068,-3443,7777,0,0,0,1.42999994754791,-24.37000084,-40.81999969
-1068,-3443,7777,0,0,0,1.42999994754791,-24.37000084,-40.81999969
-1068,-3443,7777,0,0,0,1.42999994754791,-24.37000084,-40.81999969
-1068,-3443,7777,0,0,0,1.42999994754791,-24.37000084,-40.81999969
-554,-3303,8386,0,0,0,1.42999994754791,-24.37000084,-40.81999969
-554,-3303,8386,0,0,0,1.42999994754791,-24.37000084,-40.81999969
-554,-3303,8386,0,0,0,1.42999994754791,-24.37000084,-40.81999969
-554,-3303,8386,0,0,0,1.42999994754791,-24.37000084,-40.81999969
-554,-3303,8386,0,0,0,1.42999994754791,-24.37000084,-40.81999969
-554,-3303,8386,0,0,0,1.42999994754791,-24.37000084,-40.81999969
-554,-3303,8386,0,0,0,1.42999994754791,-24.37000084,-40.81999969
-554,-3303,8386,0,0,0,1.42999994754791,-24.37000084,-40.81999969
-554,-3303,8386,0,0,0,1.35000002384186,-23.13999939,-42.47000122
-226,-3568,8088,0,0,0,1.35000002384186,-23.13999939,-42.47000122
-226,-3568,8088,0,0,0,1.35000002384186,-23.13999939,-42.47000122
-226,-3568,8088,0,0,0,1.35000002384186,-23.13999939,-42.47000122
-226,-3568,8088,0,0,0,1.35000002384186,-23.13999939,-42.47000122
-226,-3568,8088,0,0,0,1.35000002384186,-23.13999939,-42.47000122
-226,-3568,8088,0,0,0,1.35000002384186,-23.13999939,-42.47000122
-226,-3568,8088,0,0,0,1.35000002384186,-23.13999939,-42.47000122
-296,-3704,7863,0,0,0,1.35000002384186,-23.13999939,-42.47000122
-296,-3704,7863,0,0,0,1.35000002384186,-23.13999939,-42.47000122
-296,-3704,7863,0,0,0,1.35000002384186,-23.13999939,-42.47000122
-296,-3704,7863,0,0,0,1.35000002384186,-23.13999939,-42.47000122
-296,-3704,7863,0,0,0,1.35000002384186,-23.13999939,-42.47000122
-296,-3704,7863,0,0,0,1.35000002384186,-23.13999939,-42.47000122
-296,-3704,7863,0,0,0,1.35000002384186,-23.13999939,-42.47000122
-562,-3831,7828,0,0,0,1.35000002384186,-23.13999939,-42.47000122
-562,-3831,7828,0,0,0,1.35000002384186,-23.13999939,-42.47000122
-562,-3831,7828,0,0,0,1.35000002384186,-23.13999939,-42.47000122
-562,-3831,7828,0,0,0,1.35000002384186,-23.13999939,-42.47000122
-562,-3831,7828,0,0,0,1.35000002384186,-23.13999939,-42.47000122
-562,-3831,7828,0,0,0,1.35000002384186,-23.13999939,-42.47000122
-562,-3831,7828,0,0,0,1.35000002384186,-23.13999939,-42.47000122
-562,-3831,7828,0,0,0,1.35000002384186,-23.13999939,-42.47000122
-300,-3457,8065,0,0,0,1.35000002384186,-23.13999939,-42.47000122
-300,-3457,8065,0,0,0,1.35000002384186,-23.13999939,-42.47000122
-300,-3457,8065,0,0,0,1.35000002384186,-23.13999939,-42.47000122
-300,-3457,8065,0,0,0,1.35000002384186,-23.13999939,-42.47000122
-300,-3457,8065,0,0,0,1.35000002384186,-23.13999939,-42.47000122
-300,-3457,8065,0,0,0,1.35000002384186,-23.13999939,-42.47000122
-300,-3457,8065,0,0,0,1.35000002384186,-23.13999939,-42.47000122
-300,-3457,8065,0,0,0,1.35000002384186,-23.13999939,-42.47000122
-136,-3627,8050,0,0,0,1.35000002384186,-23.13999939,-42.47000122
-136,-3627,8050,0,0,0,1.35000002384186,-23.13999939,-42.47000122
